Name,Slug,Collection ID,Item ID,Created On,Updated On,Published On,female?,Featured on homepage?,Company name,Company URL,Function/Title,Picture,Personal website,Twitter URL,LinkedIn URL,Upcoming
Sjoerd Walinga,sjoerd-walinga,5ff1e0549f67bfbc76bb0281,5ff1e0549f67bf6210bb0397,Mon Mar 11 2019 19:04:06 GMT+0000 (Coordinated Universal Time),Fri Jun 18 2021 10:42:07 GMT+0000 (Coordinated Universal Time),Fri Jun 18 2021 10:42:07 GMT+0000 (Coordinated Universal Time),,,Concept7,https://concept7.nl/,Usability & User Experience expert,https://uploads-ssl.webflow.com/5ff1e0549f67bf6660bb01f3/5ff1e0549f67bf5730bb07c5_sjoerd.jpg,,https://twitter.com/sjoerdwalinga,https://nl.linkedin.com/in/sjoerdwalinga,true
Ton Wesseling,ton-wesseling,5ff1e0549f67bfbc76bb0281,5ff1e0549f67bf8c18bb03ac,Sat Apr 06 2019 11:22:59 GMT+0000 (Coordinated Universal Time),Tue May 04 2021 10:47:12 GMT+0000 (Coordinated Universal Time),Tue May 04 2021 10:47:12 GMT+0000 (Coordinated Universal Time),,true,Online Dialogue,https://onlinedialogue.nl/,Partner,https://uploads-ssl.webflow.com/5ff1e0549f67bf6660bb01f3/604bf85affb51838de6e044e_ton-wesseling.jpeg,https://tonw.com/,http://twitter.com/tonw,http://www.linkedin.com/in/tonwesseling,
Marijke van Spaendonck,marijke-van-spaendonck,5ff1e0549f67bfbc76bb0281,602d8a3e4c150c115c1f85c6,Wed Feb 17 2021 21:27:26 GMT+0000 (Coordinated Universal Time),Tue Apr 20 2021 14:48:17 GMT+0000 (Coordinated Universal Time),Tue Apr 20 2021 14:48:17 GMT+0000 (Coordinated Universal Time),true,false,VodafoneZiggo,https://www.vodafoneziggo.nl/,,https://uploads-ssl.webflow.com/5ff1e0549f67bf6660bb01f3/607b1d7640ca3b69e037ab68_1611133027277.jpg,,,https://www.linkedin.com/in/marijke-van-spaendonck-03831ab3/?originalSubdomain=nl,false
Erik van Houwelingen,erik-van-houwelingen,5ff1e0549f67bfbc76bb0281,602d8a6cdcab8b54e8401886,Wed Feb 17 2021 21:28:12 GMT+0000 (Coordinated Universal Time),Thu Mar 25 2021 09:44:56 GMT+0000 (Coordinated Universal Time),Wed Apr 07 2021 09:51:47 GMT+0000 (Coordinated Universal Time),false,false,Intergamma,https://www.intergamma.nl/,Lead CRO & Web Analytics,https://uploads-ssl.webflow.com/5ff1e0549f67bf6660bb01f3/605c5b8e2f237ef74c20c84e_erik.jpg,,,https://www.linkedin.com/in/erikvanhouwelingen/,false
Jaap van Baar,jaap-van-baar,5ff1e0549f67bfbc76bb0281,5ff1e0549f67bf25e9bb0641,Tue Oct 13 2020 08:20:50 GMT+0000 (Coordinated Universal Time),Wed Apr 07 2021 09:39:43 GMT+0000 (Coordinated Universal Time),Wed Apr 07 2021 09:39:43 GMT+0000 (Coordinated Universal Time),,,WiQhit,https://wiqhit.com/,Co-founder,https://uploads-ssl.webflow.com/5ff1e0549f67bf6660bb01f3/604bf3f91a9e05549530fd82_jaapvb.jpeg,,,https://www.linkedin.com/in/jaapvanbaar,false
Quirijn van der Haven,quirijn,5ff1e0549f67bfbc76bb0281,602d8a4a0dc7dd14865fc396,Wed Feb 17 2021 21:27:38 GMT+0000 (Coordinated Universal Time),Thu Mar 25 2021 09:42:17 GMT+0000 (Coordinated Universal Time),Thu Mar 25 2021 09:42:17 GMT+0000 (Coordinated Universal Time),false,false,Mopinion,https://mopinion.com/,Marketing team lead,https://uploads-ssl.webflow.com/5ff1e0549f67bf6660bb01f3/605c5ae08081710357e90623_1603961164627.jpg,,,https://www.linkedin.com/in/quirijnvanderhaven/,false
Helene Hallebeek,helene-hallebeek,5ff1e0549f67bfbc76bb0281,5ff1e0549f67bf4cd7bb0374,Wed Mar 06 2019 19:38:22 GMT+0000 (Coordinated Universal Time),Fri Mar 12 2021 23:27:16 GMT+0000 (Coordinated Universal Time),Fri Mar 12 2021 23:27:16 GMT+0000 (Coordinated Universal Time),true,false,Transavia,https://www.transavia.com,CRO Specialist,https://uploads-ssl.webflow.com/5ff1e0549f67bf6660bb01f3/604bf8d429b39a33e64df1d8_5c80223c6a6f223d8c7ac473_helene.jpeg,,,https://nl.linkedin.com/in/helenehallebeek,
Mischa Coster,mischa-coster,5ff1e0549f67bfbc76bb0281,5ff1e0549f67bf74fcbb0377,Wed Mar 06 2019 19:55:59 GMT+0000 (Coordinated Universal Time),Fri Mar 12 2021 23:27:11 GMT+0000 (Coordinated Universal Time),Fri Mar 12 2021 23:27:11 GMT+0000 (Coordinated Universal Time),,,Grey Matters,http://www.greymatters.nl,Mediapsychologist and CPO,https://uploads-ssl.webflow.com/5ff1e0549f67bf6660bb01f3/604bf8cfa2eb554b0093c810_5c8025ac79da154fc6bd5e39_mischa-coster.jpeg,http://www.mischacoster.com,https://twitter.com/mcoster,https://nl.linkedin.com/in/mcoster,
Roy Huiskes,roy-huiskes,5ff1e0549f67bfbc76bb0281,5ff1e0549f67bf5fa1bb0378,Wed Mar 06 2019 20:34:03 GMT+0000 (Coordinated Universal Time),Fri Mar 12 2021 23:27:06 GMT+0000 (Coordinated Universal Time),Fri Mar 12 2021 23:27:06 GMT+0000 (Coordinated Universal Time),,,Mintminds,https://www.mintminds.com/,Digital optimizer,https://uploads-ssl.webflow.com/5ff1e0549f67bf6660bb01f3/604bf8cab4e773f3987102c0_5c8941dec170de33bb86291b_royhuiskes.jpeg,https://www.chapter42.com/,https://twitter.com/chapter42,https://nl.linkedin.com/in/royhuiskes,
Rudger de Groot,rudger-de-groot,5ff1e0549f67bfbc76bb0281,5ff1e0549f67bf3afebb0376,Wed Mar 06 2019 20:38:49 GMT+0000 (Coordinated Universal Time),Fri Mar 12 2021 23:27:01 GMT+0000 (Coordinated Universal Time),Fri Mar 12 2021 23:27:01 GMT+0000 (Coordinated Universal Time),,,Mintminds,https://www.mintminds.com/,Founder & Digital Optimizer,https://uploads-ssl.webflow.com/5ff1e0549f67bf6660bb01f3/604bf8c51831911164568ea5_rudgerdegroot.jpeg,,https://twitter.com/derrudi,https://nl.linkedin.com/in/rudgerdegroot,
Erik Oosterbaan Martinius,erik-oosterbaan-martinius,5ff1e0549f67bfbc76bb0281,5ff1e0549f67bf5970bb0385,Thu Mar 07 2019 11:04:18 GMT+0000 (Coordinated Universal Time),Fri Mar 12 2021 23:26:51 GMT+0000 (Coordinated Universal Time),Fri Mar 12 2021 23:26:51 GMT+0000 (Coordinated Universal Time),,true,KPN Zakelijk,https://www.kpn.com/zakelijk.htm,E-commerce manager,https://uploads-ssl.webflow.com/5ff1e0549f67bf6660bb01f3/604bf8ba03985555856a185d_5c80fa3738e3c2dceca70b99_erik-oosterbaan-martinius.jpeg,,,http://www.linkedin.com/in/erikoosterbaanmartinius/,
Daniël Markus,daniel-markus,5ff1e0549f67bfbc76bb0281,5ff1e0549f67bf89d9bb0382,Thu Mar 07 2019 11:06:53 GMT+0000 (Coordinated Universal Time),Fri Mar 12 2021 23:26:45 GMT+0000 (Coordinated Universal Time),Fri Mar 12 2021 23:26:45 GMT+0000 (Coordinated Universal Time),,,Clickvalue,https://clickvalue.nl/,Founder/Director,https://uploads-ssl.webflow.com/5ff1e0549f67bf6660bb01f3/604bf8b5033eb0814d595580_Daniel-Markus.jpeg,,,https://www.linkedin.com/in/danielmarkus,false
Roderick Reichenbach,roderick-reichenbach,5ff1e0549f67bfbc76bb0281,5ff1e0549f67bf7c33bb037f,Thu Mar 07 2019 11:10:09 GMT+0000 (Coordinated Universal Time),Fri Mar 12 2021 23:26:39 GMT+0000 (Coordinated Universal Time),Fri Mar 12 2021 23:26:39 GMT+0000 (Coordinated Universal Time),,,Braingineers,https://braingineers.com,Co-founder,https://uploads-ssl.webflow.com/5ff1e0549f67bf6660bb01f3/604bf8af7b398586303c895b_5c80fbf873fc7153d4270a5d_roderick.jpeg,,,https://nl.linkedin.com/in/rclreichenbach,
Rick Weij,rick-weij,5ff1e0549f67bfbc76bb0281,5ff1e0549f67bf4d62bb0384,Thu Mar 07 2019 11:12:35 GMT+0000 (Coordinated Universal Time),Fri Mar 12 2021 23:26:34 GMT+0000 (Coordinated Universal Time),Fri Mar 12 2021 23:26:34 GMT+0000 (Coordinated Universal Time),,,Tele2,https://www.tele2.nl/,CRO Specialist,https://uploads-ssl.webflow.com/5ff1e0549f67bf6660bb01f3/604bf8a93a5f08127dad9cb0_5c8950122bf07a3a33ace409_rickweij.jpeg,,,https://nl.linkedin.com/in/rickweij,
Arnout Hellemans,arnout-hellemans,5ff1e0549f67bfbc76bb0281,5ff1e0549f67bfed6bbb0390,Sat Mar 09 2019 12:38:23 GMT+0000 (Coordinated Universal Time),Fri Mar 12 2021 23:26:28 GMT+0000 (Coordinated Universal Time),Fri Mar 12 2021 23:26:28 GMT+0000 (Coordinated Universal Time),,,Online Markethink,http://onlinemarkethink.com/,Owner,https://uploads-ssl.webflow.com/5ff1e0549f67bf6660bb01f3/604bf8a45b7fcc4098366fc8_arnout-hellemans.jpeg,,https://twitter.com/hellemans,https://nl.linkedin.com/in/arnouthellemans,
Ruben Teunissen,ruben-teunissen,5ff1e0549f67bfbc76bb0281,5ff1e0549f67bf55b3bb039a,Mon Mar 11 2019 18:53:51 GMT+0000 (Coordinated Universal Time),Fri Mar 12 2021 23:26:23 GMT+0000 (Coordinated Universal Time),Fri Mar 12 2021 23:26:23 GMT+0000 (Coordinated Universal Time),,,Centraal Beheer,https://www.centraalbeheer.nl/Paginas/default.aspx,CRO Specialist,https://uploads-ssl.webflow.com/5ff1e0549f67bf6660bb01f3/604bf89eb6adc894a88a2c24_Ruben_Teunissen_kleur_Conversion2018-500x500.jpeg,http://www.personalisatie.nl/,https://twitter.com/rpg_teunissen,https://nl.linkedin.com/in/rubenteunissen,
Arjen Hanssen,arjen-hanssen,5ff1e0549f67bfbc76bb0281,5ff1e0549f67bff9febb0396,Mon Mar 11 2019 19:00:36 GMT+0000 (Coordinated Universal Time),Fri Mar 12 2021 23:26:16 GMT+0000 (Coordinated Universal Time),Fri Mar 12 2021 23:26:16 GMT+0000 (Coordinated Universal Time),,,Online Overtuigen,http://online-overtuigen.nl/,Owner,https://uploads-ssl.webflow.com/5ff1e0549f67bf6660bb01f3/604bf89833bbb6655991e65e_5c8933fd09be163aefe332ca_arjen_hanssen.jpeg,http://online-overtuigen.nl/,https://twitter.com/arjenhanssen,https://nl.linkedin.com/in/arjenhanssen,
Kirsten van der Kraan,kirsten-van-der-kraan,5ff1e0549f67bfbc76bb0281,5ff1e0549f67bf791ebb0399,Mon Mar 11 2019 19:08:09 GMT+0000 (Coordinated Universal Time),Fri Mar 12 2021 23:26:04 GMT+0000 (Coordinated Universal Time),Fri Mar 12 2021 23:26:04 GMT+0000 (Coordinated Universal Time),true,,InSocial,https://www.insocial.eu,Marketeer,https://uploads-ssl.webflow.com/5ff1e0549f67bf6660bb01f3/604bf88b90b0b309e69d8068_5c86b1dd620e2bc0b14fdea0_kirsten.jpeg,,,https://nl.linkedin.com/in/kirstenvanderkraan,
Joris Groen,joris-groen,5ff1e0549f67bfbc76bb0281,5ff1e0549f67bfcf28bb0393,Mon Mar 11 2019 19:13:54 GMT+0000 (Coordinated Universal Time),Fri Mar 12 2021 23:25:58 GMT+0000 (Coordinated Universal Time),Fri Mar 12 2021 23:25:58 GMT+0000 (Coordinated Universal Time),,,Online Influence Institute,https://onlineinvloed.nl/,Partner & Creative director,https://uploads-ssl.webflow.com/5ff1e0549f67bf6660bb01f3/604bf88695f30420411e1865_Joris-Groen.jpeg,,https://twitter.com/jorisgroen,https://nl.linkedin.com/in/jorisgroen,
Stefan van Ballegooie,stefan-van-ballegooie,5ff1e0549f67bfbc76bb0281,5ff1e0549f67bf3d2dbb039b,Mon Mar 11 2019 19:21:34 GMT+0000 (Coordinated Universal Time),Fri Mar 12 2021 23:25:48 GMT+0000 (Coordinated Universal Time),Fri Mar 12 2021 23:25:48 GMT+0000 (Coordinated Universal Time),,false,Allianz,https://www.allianz.nl,Conversion specialist,https://uploads-ssl.webflow.com/5ff1e0549f67bf6660bb01f3/604bf87b7712d417f7b36e30_stefan.jpeg,,,https://nl.linkedin.com/in/stefanvanballegooie,false
Ruben de Boer,ruben-de-boer,5ff1e0549f67bfbc76bb0281,5ff1e0549f67bf1bffbb0394,Mon Mar 11 2019 19:23:14 GMT+0000 (Coordinated Universal Time),Fri Mar 12 2021 23:25:42 GMT+0000 (Coordinated Universal Time),Fri Mar 12 2021 23:25:42 GMT+0000 (Coordinated Universal Time),,,Online Dialogue,https://onlinedialogue.com/,Conversion optimization manager,https://uploads-ssl.webflow.com/5ff1e0549f67bf6660bb01f3/604bf876121eb96fdbe4051c_5c89336c7c1da1f1e49aef28_Rubendeboar.jpeg,,https://twitter.com/iamrubenboer,https://www.linkedin.com/in/rgdeboer,
Bart Schutz,bart-schutz,5ff1e0549f67bfbc76bb0281,5ff1e0549f67bf59b4bb039c,Tue Mar 12 2019 12:55:46 GMT+0000 (Coordinated Universal Time),Fri Mar 12 2021 23:25:32 GMT+0000 (Coordinated Universal Time),Fri Mar 12 2021 23:25:32 GMT+0000 (Coordinated Universal Time),,true,Online Dialogue,https://onlinedialogue.nl/,Consumer Psychologist,https://uploads-ssl.webflow.com/5ff1e0549f67bf6660bb01f3/604bf86c29b39a81034d58f5_bartschutz.jpeg,,https://twitter.com/barts,https://linkedin.com/in/bartschutz,false
Tom van den Berg,tom-van-den-berg,5ff1e0549f67bfbc76bb0281,5ff1e0549f67bf6a4cbb039d,Wed Mar 13 2019 09:19:00 GMT+0000 (Coordinated Universal Time),Fri Mar 12 2021 23:25:24 GMT+0000 (Coordinated Universal Time),Fri Mar 12 2021 23:25:24 GMT+0000 (Coordinated Universal Time),,,Online Dialogue,https://onlinedialogue.nl,Conversion manager,https://uploads-ssl.webflow.com/5ff1e0549f67bf6660bb01f3/604bf8649d0a8abf6cbac46c_5f69fbc97103471c5a1391bd_tomvdberg_66fc2839a60ec81c47be616723a3af5d.jpeg,,https://twitter.com/TomvdBerg1,https://www.linkedin.com/in/vandenbergtom,
Amber Taal,amber-taal,5ff1e0549f67bfbc76bb0281,5ff1e0549f67bfaef4bb03ab,Sat Apr 06 2019 11:19:59 GMT+0000 (Coordinated Universal Time),Fri Mar 12 2021 23:25:19 GMT+0000 (Coordinated Universal Time),Fri Mar 12 2021 23:25:19 GMT+0000 (Coordinated Universal Time),true,,Riksja Travel,https://www.riksjatravel.nl,UX/CRO specialist,https://uploads-ssl.webflow.com/5ff1e0549f67bf6660bb01f3/604bf85f7712d462d6b35846_5ca88b563d556519ec533e9b_amber-groot.jpeg,http://www.ambert.nl/,https://twitter.com/ambert87?lang=en,https://nl.linkedin.com/in/ambertaal,
Hazjier Pourkhalkhali,hazjier-pourkhalkhali,5ff1e0549f67bfbc76bb0281,5ff1e0549f67bfcd6abb03af,Sun Apr 14 2019 15:29:55 GMT+0000 (Coordinated Universal Time),Fri Mar 12 2021 23:25:08 GMT+0000 (Coordinated Universal Time),Fri Mar 12 2021 23:25:08 GMT+0000 (Coordinated Universal Time),,,Optimizely,https://www.optimizely.com/,"Global Lead, Optimization Strategy",https://uploads-ssl.webflow.com/5ff1e0549f67bf6660bb01f3/604bf854bb13e3e1b133e0ea_Hazjier-Pourkhalkhali.png,,https://twitter.com/hazjier,https://nl.linkedin.com/in/hpourkhalkhali,
Karl Gilis,karl-gilis,5ff1e0549f67bfbc76bb0281,5ff1e0549f67bfb6a2bb0479,Sun Apr 14 2019 15:34:25 GMT+0000 (Coordinated Universal Time),Fri Mar 12 2021 23:25:02 GMT+0000 (Coordinated Universal Time),Fri Mar 12 2021 23:25:02 GMT+0000 (Coordinated Universal Time),,true,AGConsult,https://www.agconsult.com/nl/,The 'G' of AGconsult,https://uploads-ssl.webflow.com/5ff1e0549f67bf6660bb01f3/604bf84eb6576a98e55b9f79_5f68ce6ac22e811c72b66ba6_kalrgillis-min.jpeg,,https://twitter.com/agconsult,https://be.linkedin.com/in/webusability,
Jurrien Schouten,jurrien-schouten,5ff1e0549f67bfbc76bb0281,5ff1e0549f67bf58f9bb047c,Sun Apr 14 2019 15:36:19 GMT+0000 (Coordinated Universal Time),Fri Mar 12 2021 23:24:57 GMT+0000 (Coordinated Universal Time),Fri Mar 12 2021 23:24:57 GMT+0000 (Coordinated Universal Time),,,fonQ,https://www.fonq.nl/,Lead UX/CRO,https://uploads-ssl.webflow.com/5ff1e0549f67bf6660bb01f3/604bf8493a5f088c88ad45b7_5cb3536e37cbae6e6b086024_jurrien.jpeg,,https://twitter.com/jurascho,https://nl.linkedin.com/in/jurrienschouten,false
Melle Moorman,melle-moorman,5ff1e0549f67bfbc76bb0281,5ff1e0549f67bf5c73bb03b0,Sun Apr 14 2019 15:39:52 GMT+0000 (Coordinated Universal Time),Fri Mar 12 2021 23:24:52 GMT+0000 (Coordinated Universal Time),Fri Mar 12 2021 23:24:52 GMT+0000 (Coordinated Universal Time),,false,Bol.com,https://www.bol.com,Sr. Product manager mobile,https://uploads-ssl.webflow.com/5ff1e0549f67bf6660bb01f3/604bf844f909c780504a159d_melle.jpeg,,https://twitter.com/mellemoorman,https://nl.linkedin.com/in/mellemoorman,
Rogier Peters,rogier-peters,5ff1e0549f67bfbc76bb0281,5ff1e0549f67bf4926bb0473,Sun Apr 14 2019 15:42:09 GMT+0000 (Coordinated Universal Time),Fri Mar 12 2021 23:24:46 GMT+0000 (Coordinated Universal Time),Fri Mar 12 2021 23:24:46 GMT+0000 (Coordinated Universal Time),,,Nyenrode Business Universiteit,https://www.nyenrode.nl/,Senior Online Marketing Manager,https://uploads-ssl.webflow.com/5ff1e0549f67bf6660bb01f3/604bf83e8bea55ef3a920ff6_5cb3546437cbaec2e50861ea_Rogier-Peters.jpeg,,https://twitter.com/petersrogier,https://nl.linkedin.com/in/rogierpaulpeters,
Lonneke Spinhof,lonneke-spinhof,5ff1e0549f67bfbc76bb0281,5ff1e0549f67bf651fbb047d,Sun Apr 14 2019 15:44:45 GMT+0000 (Coordinated Universal Time),Fri Mar 12 2021 23:24:40 GMT+0000 (Coordinated Universal Time),Fri Mar 12 2021 23:24:40 GMT+0000 (Coordinated Universal Time),true,,Humix,https://www.humix.be/,Managing Partner & Senior Consultant,https://uploads-ssl.webflow.com/5ff1e0549f67bf6660bb01f3/604bf838ab967a71840262e0_5cb3554c46fa44d4e3c0f209_lonnekespinhof.jpeg,,https://twitter.com/LonnekeSpinhof,https://be.linkedin.com/in/lonnekespinhof,
Bart van der Meer,bart-van-der-meer,5ff1e0549f67bfbc76bb0281,5ff1e0549f67bf1ef7bb03b3,Sun Apr 14 2019 15:49:20 GMT+0000 (Coordinated Universal Time),Fri Mar 12 2021 23:24:35 GMT+0000 (Coordinated Universal Time),Fri Mar 12 2021 23:24:35 GMT+0000 (Coordinated Universal Time),,,Klik Process,https://klikproces.nl/,Owner,https://uploads-ssl.webflow.com/5ff1e0549f67bf6660bb01f3/604bf8332882a36fce392d10_5cb3565537cbae1de50868fd_bartvdmeer.jpeg,,,https://nl.linkedin.com/in/bart-van-der-meer-6b561918,false
Michiel Jansen,michiel-jansen,5ff1e0549f67bfbc76bb0281,5ff1e0549f67bf37e8bb03b2,Sun Apr 14 2019 15:52:27 GMT+0000 (Coordinated Universal Time),Fri Mar 12 2021 23:24:31 GMT+0000 (Coordinated Universal Time),Fri Mar 12 2021 23:24:31 GMT+0000 (Coordinated Universal Time),,,Leaseplan,https://www.leaseplan.com,Global CRO Lead,https://uploads-ssl.webflow.com/5ff1e0549f67bf6660bb01f3/604bf82f1a646b9222d104aa_5cb357204e458435cf072bde_michieljansen.jpeg,,https://twitter.com/michielleendert,https://nl.linkedin.com/in/mljansen,
David Beentjes,david-beentjes,5ff1e0549f67bfbc76bb0281,5ff1e0549f67bfab3cbb03b6,Sun Apr 14 2019 15:54:14 GMT+0000 (Coordinated Universal Time),Fri Mar 12 2021 23:24:25 GMT+0000 (Coordinated Universal Time),Fri Mar 12 2021 23:24:25 GMT+0000 (Coordinated Universal Time),,,ClickValue,https://clickvalue.nl/,Managing Partner,https://uploads-ssl.webflow.com/5ff1e0549f67bf6660bb01f3/604bf82929b39a03394d0218_davidbeentjes.jpeg,,,https://nl.linkedin.com/in/davidbeentjes,
David Brinks,david-brinks,5ff1e0549f67bfbc76bb0281,5ff1e0549f67bf4110bb0475,Sun Apr 14 2019 15:56:37 GMT+0000 (Coordinated Universal Time),Fri Mar 12 2021 23:24:19 GMT+0000 (Coordinated Universal Time),Fri Mar 12 2021 23:24:19 GMT+0000 (Coordinated Universal Time),,,Hardcopy,https://www.hard-c.com/,Content writer & owner,https://uploads-ssl.webflow.com/5ff1e0549f67bf6660bb01f3/604bf8229d0a8a2794ba9925_5cb358092da2add1ef57e8dd_davidbrinks.jpeg,,https://twitter.com/davidbrinks,https://www.linkedin.com/in/davidbrinks,
Gerben van Ouwendorp,gerben-van-ouwendorp,5ff1e0549f67bfbc76bb0281,5ff1e0549f67bf85f6bb0472,Sun Apr 14 2019 15:59:10 GMT+0000 (Coordinated Universal Time),Fri Mar 12 2021 23:24:14 GMT+0000 (Coordinated Universal Time),Fri Mar 12 2021 23:24:14 GMT+0000 (Coordinated Universal Time),,,Vacanceselect,https://www.vacanceselect.com/,Product owner & CRO specialist,https://uploads-ssl.webflow.com/5ff1e0549f67bf6660bb01f3/604bf81e3af82b1e5eaefb1f_5cb3588b2da2ad45d957ec74_gerben.jpeg,,https://twitter.com/ouwendorp,https://nl.linkedin.com/in/gerbenvanouwendorp,
Wouter Wensing,wouter-wensing,5ff1e0549f67bfbc76bb0281,5ff1e0549f67bf8ce3bb03b1,Sun Apr 14 2019 16:05:31 GMT+0000 (Coordinated Universal Time),Fri Mar 12 2021 23:24:02 GMT+0000 (Coordinated Universal Time),Fri Mar 12 2021 23:24:02 GMT+0000 (Coordinated Universal Time),,,ISM eCompany,https://www.ism.nl,Team Lead Conversion & Webanalytics,https://uploads-ssl.webflow.com/5ff1e0549f67bf6660bb01f3/604bf812b8af093cbe4b4e18_5cb35a1edfaff59d4d397294_wouterwensing.jpeg,,https://twitter.com/wwensing,https://nl.linkedin.com/in/wouterwensing,
Shirley van Haalem,shirley-van-haalem,5ff1e0549f67bfbc76bb0281,5ff1e0549f67bf5ffcbb0477,Sun Apr 14 2019 16:12:17 GMT+0000 (Coordinated Universal Time),Fri Mar 12 2021 23:23:57 GMT+0000 (Coordinated Universal Time),Fri Mar 12 2021 23:23:57 GMT+0000 (Coordinated Universal Time),true,,Traffic Builders,https://www.traffic-builders.com,Product Manager Customer Experience Optimization,https://uploads-ssl.webflow.com/5ff1e0549f67bf6660bb01f3/604bf80d90b0b36b989cee25_5f69fe759248faa9489b4743_5cb35ba52edee00b22831bce__1eb5d7633310ec7778d70e1379041e0e.jpeg,,,https://nl.linkedin.com/in/shirley-van-haalem,
Joren Gilst,joren-gilst,5ff1e0549f67bfbc76bb0281,5ff1e0549f67bf687dbb0474,Sun Apr 14 2019 16:14:13 GMT+0000 (Coordinated Universal Time),Fri Mar 12 2021 23:23:52 GMT+0000 (Coordinated Universal Time),Fri Mar 12 2021 23:23:52 GMT+0000 (Coordinated Universal Time),,,Traffic Builders,https://www.traffic-builders.com/,Customer Experience Optimization Consultant,https://uploads-ssl.webflow.com/5ff1e0549f67bf6660bb01f3/604bf80829b39a46084cd993_5cb35c4adfaff58fd8397ad1_joren.jpeg,,,https://nl.linkedin.com/in/joren-van-gilst-34220a56,
Bernadette Bijkerk,bernadette-bijkerk,5ff1e0549f67bfbc76bb0281,5ff1e0549f67bfef28bb047a,Sun Apr 14 2019 16:16:40 GMT+0000 (Coordinated Universal Time),Fri Mar 12 2021 23:23:44 GMT+0000 (Coordinated Universal Time),Fri Mar 12 2021 23:23:44 GMT+0000 (Coordinated Universal Time),true,false,Talpa Nieuws,https://talpanetwork.com/,CRO Specialist,https://uploads-ssl.webflow.com/5ff1e0549f67bf6660bb01f3/604bf800b36c358e7b54b3b5_bernadette.jpeg,,https://twitter.com/bernadetteb,https://nl.linkedin.com/in/bernadettebijkerk,
Daphne Tideman,daphne-tideman,5ff1e0549f67bfbc76bb0281,5ff1e0549f67bf1e1ebb0478,Sun Apr 14 2019 16:19:34 GMT+0000 (Coordinated Universal Time),Fri Mar 12 2021 23:23:40 GMT+0000 (Coordinated Universal Time),Fri Mar 12 2021 23:23:40 GMT+0000 (Coordinated Universal Time),true,,Rockboost,https://www.rockboost.com/,Head of Growth Consultancy ,https://uploads-ssl.webflow.com/5ff1e0549f67bf6660bb01f3/604bf7fbb498125ecc12c463_5cb35d934e458481b4075037_daphne.jpeg,,https://twitter.com/daphnetideman,https://nl.linkedin.com/in/daphnetideman,
Tim Zuidgeest,tim-zuidgeest,5ff1e0549f67bfbc76bb0281,5ff1e0549f67bfdaf1bb0488,Fri May 31 2019 09:37:28 GMT+0000 (Coordinated Universal Time),Fri Mar 12 2021 23:23:34 GMT+0000 (Coordinated Universal Time),Fri Mar 12 2021 23:23:34 GMT+0000 (Coordinated Universal Time),,,Unravel Research,https://www.unravelresearch.com/,Founder,https://uploads-ssl.webflow.com/5ff1e0549f67bf6660bb01f3/604bf7f6a2eb555b53937714_5f69fd3995fb204f7fa21428_5cf0f593b2a8191d789a315a__4a290bbe4bced84503971f6fde48657c.jpeg,,https://twitter.com/timzuidgeest,https://nl.linkedin.com/in/timzuidgeest,
Denise Visser,denise-visser,5ff1e0549f67bfbc76bb0281,5ff1e0549f67bfba8bbb0494,Wed Jul 03 2019 15:10:26 GMT+0000 (Coordinated Universal Time),Fri Mar 12 2021 23:23:29 GMT+0000 (Coordinated Universal Time),Fri Mar 12 2021 23:23:29 GMT+0000 (Coordinated Universal Time),true,true,Bol.com,https://www.bol.com,Product Manager Experimentation at bol.com,https://uploads-ssl.webflow.com/5ff1e0549f67bf6660bb01f3/604bf7f1b8af0913754b2d14_denise-visser.jpeg,,https://twitter.com/postvak,https://nl.linkedin.com/in/denisevisser,
Henk-Jan Journée,henk-jan-journee,5ff1e0549f67bfbc76bb0281,5ff1e0549f67bf7114bb0495,Wed Jul 03 2019 15:14:58 GMT+0000 (Coordinated Universal Time),Fri Mar 12 2021 23:23:23 GMT+0000 (Coordinated Universal Time),Fri Mar 12 2021 23:23:23 GMT+0000 (Coordinated Universal Time),,,Fibeo,https://fibeo.com/,Founder,https://uploads-ssl.webflow.com/5ff1e0549f67bf6660bb01f3/604bf7eb5df48eff55c3f0ed_5f68ce74cba50fe5f2336ef6_HJJournee.jpeg,,https://twitter.com/henkjanjournee,https://nl.linkedin.com/in/henkjanjournee,
Rick Molenaar,rick-molenaar,5ff1e0549f67bfbc76bb0281,5ff1e0549f67bf8834bb0496,Wed Jul 03 2019 15:19:30 GMT+0000 (Coordinated Universal Time),Fri Mar 12 2021 23:23:17 GMT+0000 (Coordinated Universal Time),Fri Mar 12 2021 23:23:17 GMT+0000 (Coordinated Universal Time),,,Instant,,Founder,https://uploads-ssl.webflow.com/5ff1e0549f67bf6660bb01f3/604bf7e5357192aa27683fdc_rickjpg.jpeg,,,https://nl.linkedin.com/in/rickmolenaar,
Simon Vreeman,simon-vreeman,5ff1e0549f67bfbc76bb0281,5ff1e0549f67bf5093bb049a,Fri Jul 12 2019 06:44:50 GMT+0000 (Coordinated Universal Time),Fri Mar 12 2021 23:23:07 GMT+0000 (Coordinated Universal Time),Fri Mar 12 2021 23:23:07 GMT+0000 (Coordinated Universal Time),,,VanMoof,https://www.vanmoof.com/en_nl/,Growth Marketing Manager,https://uploads-ssl.webflow.com/5ff1e0549f67bf6660bb01f3/604bf7db0398553694693c40_5d282c3314c23da499ca98ef_simon-vreeman.jpeg,https://vreeman.com/,https://twitter.com/vreeman,https://www.linkedin.com/in/simonvreeman/,
Pieter Jan Troost,pieter-jan-troost,5ff1e0549f67bfbc76bb0281,5ff1e0549f67bf68b0bb049c,Fri Jul 12 2019 11:45:29 GMT+0000 (Coordinated Universal Time),Fri Mar 12 2021 23:23:01 GMT+0000 (Coordinated Universal Time),Fri Mar 12 2021 23:23:01 GMT+0000 (Coordinated Universal Time),,,Freelance,,Persuasive Strategist and Designer,https://uploads-ssl.webflow.com/5ff1e0549f67bf6660bb01f3/604bf7d506f63662182d57e4_PieterJan_Troost.png,http://www.pjtroost.nl/,,https://nl.linkedin.com/in/pjtroost,false
Jurjen Jongejan,jurjen-jongejan,5ff1e0549f67bfbc76bb0281,5ff1e0549f67bf4cf4bb049b,Fri Jul 12 2019 11:47:59 GMT+0000 (Coordinated Universal Time),Fri Mar 12 2021 23:22:54 GMT+0000 (Coordinated Universal Time),Fri Mar 12 2021 23:22:54 GMT+0000 (Coordinated Universal Time),,,ISM eCompany,https://www.ism.nl/,CRO Strategist,https://uploads-ssl.webflow.com/5ff1e0549f67bf6660bb01f3/604bf7ceb6576a3e8c5b5ce1_5d28731e14c23d1a81cc146a_K_vnDmoU_400x400.jpeg,,https://twitter.com/jurjenjongejan,https://nl.linkedin.com/in/jurjenjongejan,true
Monique Zwanenburg,monique-zwanenburg,5ff1e0549f67bfbc76bb0281,5ff1e0549f67bf5cedbb04a4,Mon Aug 12 2019 15:38:34 GMT+0000 (Coordinated Universal Time),Fri Mar 12 2021 23:22:49 GMT+0000 (Coordinated Universal Time),Fri Mar 12 2021 23:22:49 GMT+0000 (Coordinated Universal Time),true,,ISM eCompany,https://ism.nl,E-mailmarketing consultant,https://uploads-ssl.webflow.com/5ff1e0549f67bf6660bb01f3/604bf7c91a9e05a7d4327b7d_email-monique.jpeg,,,https://nl.linkedin.com/in/monique-zwanenburg,
Martijn Scheijbeler,martijn-scheijbeler,5ff1e0549f67bfbc76bb0281,5ff1e0549f67bfb146bb04a5,Mon Aug 12 2019 15:40:17 GMT+0000 (Coordinated Universal Time),Fri Mar 12 2021 23:22:44 GMT+0000 (Coordinated Universal Time),Fri Mar 12 2021 23:22:44 GMT+0000 (Coordinated Universal Time),,,RVShare,https://rvshare.com/,VP Marketing,https://uploads-ssl.webflow.com/5ff1e0549f67bf6660bb01f3/604bf7c306f636694e2d45ea_5d51884b3691c9ef09e83ba9_martijn.jpeg,https://martijnscheijbeler.com/,https://twitter.com/MartijnSch,https://www.linkedin.com/in/martijnscheijbeler,false
Viresh Narain,viresh-narain,5ff1e0549f67bfbc76bb0281,5ff1e0549f67bfe5a3bb04a6,Mon Aug 12 2019 15:44:06 GMT+0000 (Coordinated Universal Time),Fri Mar 12 2021 23:22:38 GMT+0000 (Coordinated Universal Time),Fri Mar 12 2021 23:22:38 GMT+0000 (Coordinated Universal Time),,,Adidas,https://www.adidas.com/,International Customer Journey Manager (Interim),https://uploads-ssl.webflow.com/5ff1e0549f67bf6660bb01f3/604bf7bd29b39a5d004c6e64_5f69fcbddf70e653e03b857d_5d5188dec90ca75480d4aa88__4e50e17a36366c949e2a1afc74604cc6.jpeg,,https://twitter.com/vireshnarain,"https://www.linkedin.com/in/vireshnarain/,",false
Evert Semeijn,evert-semeijn,5ff1e0549f67bfbc76bb0281,5ff1e0549f67bf19f8bb04a7,Mon Aug 12 2019 15:45:48 GMT+0000 (Coordinated Universal Time),Fri Mar 12 2021 23:22:32 GMT+0000 (Coordinated Universal Time),Fri Mar 12 2021 23:22:32 GMT+0000 (Coordinated Universal Time),,,Neurofied,https://neurofied.com/,Co-founder and neuropsychologist,https://uploads-ssl.webflow.com/5ff1e0549f67bf6660bb01f3/604bf7b85b7fccc36d361739_evert.jpeg,https://www.evertsemeijn.nl/,,https://nl.linkedin.com/in/evertsemeijn,false
Mathijs Kok,mathijs-kok,5ff1e0549f67bfbc76bb0281,5ff1e0549f67bfef66bb04a9,Mon Aug 12 2019 15:48:15 GMT+0000 (Coordinated Universal Time),Fri Mar 12 2021 23:22:27 GMT+0000 (Coordinated Universal Time),Fri Mar 12 2021 23:22:27 GMT+0000 (Coordinated Universal Time),,,@askmathijs,https://www.mathijskok.com/,Entrepreneur and chief podcast,https://uploads-ssl.webflow.com/5ff1e0549f67bf6660bb01f3/604bf7b287e3435d8a708202_5d518a00a4a3703a568e8f1c_mathijskok.jpeg,,https://twitter.com/askmathijs,https://nl.linkedin.com/in/mathijskok,false
Jeroen Feron,jeroen-feron,5ff1e0549f67bfbc76bb0281,5ff1e0549f67bf3e23bb04a8,Mon Aug 12 2019 15:49:10 GMT+0000 (Coordinated Universal Time),Fri Mar 12 2021 23:22:21 GMT+0000 (Coordinated Universal Time),Fri Mar 12 2021 23:22:21 GMT+0000 (Coordinated Universal Time),,,Somnox,https://meetsomnox.com/,Growth Marketeer,https://uploads-ssl.webflow.com/5ff1e0549f67bf6660bb01f3/604bf7ac033eb05a1d584e49_5d518b4b3691c9b832e84a21_Team_Jeroen.jpeg,,,https://www.linkedin.com/in/jeroen-feron/,false
Julian Jagtenberg ,julian-jagtenberg,5ff1e0549f67bfbc76bb0281,5ff1e0549f67bfd176bb04aa,Mon Aug 12 2019 15:52:17 GMT+0000 (Coordinated Universal Time),Fri Mar 12 2021 23:22:16 GMT+0000 (Coordinated Universal Time),Fri Mar 12 2021 23:22:16 GMT+0000 (Coordinated Universal Time),,,Somnox,https://meetsomnox.com/,Founder,https://uploads-ssl.webflow.com/5ff1e0549f67bf6660bb01f3/604bf7a8eb8a7f89e1e55dc8_5d518b2c8f63b323c76877fa_Team_Julian.jpeg,https://julianjagtenberg.com/,https://twitter.com/jmjagtenberg,https://nl.linkedin.com/in/julianjagtenberg,false
Maurice Beerthuyzen,maurice-beerthuyzen,5ff1e0549f67bfbc76bb0281,5ff1e0549f67bfd0c0bb04ab,Tue Aug 13 2019 21:28:59 GMT+0000 (Coordinated Universal Time),Fri Mar 12 2021 23:22:11 GMT+0000 (Coordinated Universal Time),Fri Mar 12 2021 23:22:11 GMT+0000 (Coordinated Universal Time),,,Nummer Negen,https://www.nummernegen.nl/,Owner & Online Optimizer,https://uploads-ssl.webflow.com/5ff1e0549f67bf6660bb01f3/604bf7a2033eb050f05845ae_5f69fcd19e8e95835f81ea39_5d532b9729b8f719cf996deb__f2397565af180b362c4f7142b4938781.jpeg,,https://twitter.com/maurisico,https://nl.linkedin.com/in/mauricebeerthuyzen,false
Mimi VerLoren van Themaat,mimi-verloren-van-themaat,5ff1e0549f67bfbc76bb0281,5ff1e0549f67bfdd51bb04b3,Tue Sep 10 2019 08:05:29 GMT+0000 (Coordinated Universal Time),Fri Mar 12 2021 23:21:54 GMT+0000 (Coordinated Universal Time),Fri Mar 12 2021 23:21:54 GMT+0000 (Coordinated Universal Time),true,,Finest people,https://www.finestpeople.nl/,Consultant CRO and Web Analytics,https://uploads-ssl.webflow.com/5ff1e0549f67bf6660bb01f3/604bf79133bbb654c290b626_5d775720344fac82bc0b3de5_0.jpeg,,,https://www.linkedin.com/in/mimi-verloren-van-themaat-2a734283/,false
Felice van Steenbergen,felice-van-steenbergen,5ff1e0549f67bfbc76bb0281,5ff1e0549f67bf9f31bb04b4,Tue Sep 10 2019 08:09:28 GMT+0000 (Coordinated Universal Time),Fri Mar 12 2021 23:21:46 GMT+0000 (Coordinated Universal Time),Fri Mar 12 2021 23:21:46 GMT+0000 (Coordinated Universal Time),true,,Improove Inc.,https://www.improove.net/,Engagement manager,https://uploads-ssl.webflow.com/5ff1e0549f67bf6660bb01f3/604bf78a35719207fb67df15_5f69fcb5b804c93642086c4c_5d7759c7247be1c3613e8c4a__631b34b9c9bd58a4d7509894fd13bcc2.jpeg,,,https://www.linkedin.com/in/felicevansteenbergen/,false
Marieke Schulte,marieke-schulte,5ff1e0549f67bfbc76bb0281,5ff1e0549f67bf939bbb04b6,Tue Sep 10 2019 08:22:13 GMT+0000 (Coordinated Universal Time),Fri Mar 12 2021 23:21:42 GMT+0000 (Coordinated Universal Time),Fri Mar 12 2021 23:21:42 GMT+0000 (Coordinated Universal Time),true,,Digital Power,https://digital-power.com,"Data Science Consultant, Specialized in Monitoring and Evaluation",https://uploads-ssl.webflow.com/5ff1e0549f67bf6660bb01f3/604bf785b6576a77855b3467_5d9f14419a3ac658660f3458_mariekeschulte.jpeg,,,https://www.linkedin.com/in/marieke-schulte-8329b7149/,false
Tonny Loorbach,tonny-loorbach,5ff1e0549f67bfbc76bb0281,5ff1e0549f67bf8b3abb04ba,Tue Sep 10 2019 08:52:02 GMT+0000 (Coordinated Universal Time),Fri Mar 12 2021 23:21:30 GMT+0000 (Coordinated Universal Time),Fri Mar 12 2021 23:21:30 GMT+0000 (Coordinated Universal Time),,false,IMU BV,https://imu.nl/,"Entrepreneur, Author, Speaker and investor",https://uploads-ssl.webflow.com/5ff1e0549f67bf6660bb01f3/604bf77a357192233467d290_5d77640bb9339d8c2a29c03e_index.jpeg,https://tonnyloorbach.nl/,https://twitter.com/TonnyLoorbach,https://www.linkedin.com/in/tonnyloorbach/,false
Joris Bryon,joris-bryon,5ff1e0549f67bfbc76bb0281,5ff1e0549f67bf48b4bb04b9,Tue Sep 10 2019 08:54:54 GMT+0000 (Coordinated Universal Time),Fri Mar 12 2021 23:21:25 GMT+0000 (Coordinated Universal Time),Fri Mar 12 2021 23:21:25 GMT+0000 (Coordinated Universal Time),,true,Dexter agency,https://dexter.agency,Founder,https://uploads-ssl.webflow.com/5ff1e0549f67bf6660bb01f3/604bf775034cfa9c20140435_5f68ddcfbee2b9c94cf8691f_5d7764a4b9339d34d729c21d__690e977ac96143775a755be78f1805ba.jpeg,,https://twitter.com/jorisbryon,https://www.linkedin.com/in/jorisbryon/,false
Milan Meurs,milan-meurs,5ff1e0549f67bfbc76bb0281,5ff1e0549f67bf1dbbbb04bc,Tue Sep 10 2019 09:31:20 GMT+0000 (Coordinated Universal Time),Fri Mar 12 2021 23:21:07 GMT+0000 (Coordinated Universal Time),Fri Mar 12 2021 23:21:07 GMT+0000 (Coordinated Universal Time),,,Recruitee,https://recruitee.com/,Head of user growth & analytics,https://uploads-ssl.webflow.com/5ff1e0549f67bf6660bb01f3/604bf7622c8e129fa62869c8_5d776d4e344fac4a410ba7ec_milan.jpeg,,,https://www.linkedin.com/in/milanmeurs/,false
Annemarie Klaassen,annemarie-klaassen,5ff1e0549f67bfbc76bb0281,5ff1e0549f67bfe899bb04bd,Tue Sep 10 2019 14:04:19 GMT+0000 (Coordinated Universal Time),Fri Mar 12 2021 23:21:00 GMT+0000 (Coordinated Universal Time),Fri Mar 12 2021 23:21:00 GMT+0000 (Coordinated Universal Time),true,false,VodafoneZiggo,https://www.vodafoneziggo.nl/,Lead CRO Analyst ,https://uploads-ssl.webflow.com/5ff1e0549f67bf6660bb01f3/604bf75c90b0b3e9d09c2b53_5d77ad3d601a2e1f5becdbe2_annemarie.jpeg,,https://twitter.com/am_klaassen,https://nl.linkedin.com/in/annemarie-klaassen-4a55a310,false
Anouk Erens,anouk-erens,5ff1e0549f67bfbc76bb0281,5ff1e0549f67bf57b2bb04c6,Thu Oct 10 2019 10:57:40 GMT+0000 (Coordinated Universal Time),Fri Mar 12 2021 23:20:40 GMT+0000 (Coordinated Universal Time),Fri Mar 12 2021 23:20:40 GMT+0000 (Coordinated Universal Time),true,,Online Dialogue,https://onlinedialogue.nl/,Analytics & Optimization Expert,https://uploads-ssl.webflow.com/5ff1e0549f67bf6660bb01f3/604bf748d309245261ad96f1_5d9f0e74a4107213ebea3758_anouk-erens.jpeg,,https://twitter.com/anoukerens,https://www.linkedin.com/in/anoukerens/,false
Roos van Dam,roos-van-dam,5ff1e0549f67bfbc76bb0281,5ff1e0549f67bf48e9bb04c7,Thu Oct 10 2019 11:02:39 GMT+0000 (Coordinated Universal Time),Fri Mar 12 2021 23:20:35 GMT+0000 (Coordinated Universal Time),Fri Mar 12 2021 23:20:35 GMT+0000 (Coordinated Universal Time),true,,Online Dialogue,https://onlinedialogue.nl/,Behavioural Expert & Applied Cognitive Psychologist,https://uploads-ssl.webflow.com/5ff1e0549f67bf6660bb01f3/604bf743cd06412ebe8178f7_5d9f0fa58733b5876360c4b3_roosvandam.jpeg,,,https://www.linkedin.com/in/roos-van-dam/,false
Timo Stegeman,timo-stegeman,5ff1e0549f67bfbc76bb0281,5ff1e0549f67bf1454bb04ca,Thu Oct 10 2019 11:18:06 GMT+0000 (Coordinated Universal Time),Fri Mar 12 2021 23:20:18 GMT+0000 (Coordinated Universal Time),Fri Mar 12 2021 23:20:18 GMT+0000 (Coordinated Universal Time),,,ClickValue,https://clickvalue.nl/,Lead CRO,https://uploads-ssl.webflow.com/5ff1e0549f67bf6660bb01f3/604bf732b6576a78145afd40_timo-stegeman.jpeg,,,https://www.linkedin.com/in/timostegeman/,false
Patrick Wessels,patrick-wessels,5ff1e0549f67bfbc76bb0281,5ff1e0549f67bf76dfbb04d5,Mon Dec 02 2019 18:39:09 GMT+0000 (Coordinated Universal Time),Fri Mar 12 2021 23:20:13 GMT+0000 (Coordinated Universal Time),Fri Mar 12 2021 23:20:13 GMT+0000 (Coordinated Universal Time),,,ConsumentenPsycholoog,https://consumentenpsycholoog.nl,Specialist consumer behavior,https://uploads-ssl.webflow.com/5ff1e0549f67bf6660bb01f3/604bf72c32e65da97c46c67a_5de559fb5965a51104ff4d6c_Patrick-Wessels2.jpeg,,https://twitter.com/@Consupsycholoog,https://www.linkedin.com/in/patrickwessels/,false
Kristof Nizet,kristof-nizet,5ff1e0549f67bfbc76bb0281,5ff1e0549f67bf4067bb04d6,Mon Dec 02 2019 18:46:33 GMT+0000 (Coordinated Universal Time),Fri Mar 12 2021 23:20:08 GMT+0000 (Coordinated Universal Time),Fri Mar 12 2021 23:20:08 GMT+0000 (Coordinated Universal Time),,,Upwave Agency,https://www.upwave-agency.com/,Freelance Conversion Optimization and E-commerce consultant,https://uploads-ssl.webflow.com/5ff1e0549f67bf6660bb01f3/604bf72706f636c5c12c8e0c_5de55aca63e17b5aee53c9c4_kristof-nizet.jpeg,,https://twitter.com/kristofnizet,https://www.linkedin.com/in/kristofnizet/,false
Rick Dronkers,rick-dronkers,5ff1e0549f67bfbc76bb0281,5ff1e0549f67bf0775bb04d8,Mon Dec 02 2019 18:54:59 GMT+0000 (Coordinated Universal Time),Fri Mar 12 2021 23:19:57 GMT+0000 (Coordinated Universal Time),Fri Mar 12 2021 23:19:57 GMT+0000 (Coordinated Universal Time),,,rickdronkers.com,https://rickdronkers.com/,Consultant in Marketing & Analytics,https://uploads-ssl.webflow.com/5ff1e0549f67bf6660bb01f3/604bf71d7b3985ecf83c1fb6_rick-dronkers.jpeg,,https://twitter.com/rickdronkers,https://www.linkedin.com/in/rickdronkers/,false
Niels Reijmer,niels-reijmer,5ff1e0549f67bfbc76bb0281,5ff1e0549f67bf7fcebb04db,Mon Dec 02 2019 21:33:17 GMT+0000 (Coordinated Universal Time),Fri Mar 12 2021 23:19:41 GMT+0000 (Coordinated Universal Time),Fri Mar 12 2021 23:19:41 GMT+0000 (Coordinated Universal Time),,,The Data Story,http://thedatastory.nl/,Co-Owner and Data Consultant,https://uploads-ssl.webflow.com/5ff1e0549f67bf6660bb01f3/604bf70d606a839a5a69019a_5de582fed82fca686ff8d2bc_niels-reijmer_3a13b5ee11e11336fc7dc48bf6edb2c1.png,,,https://www.linkedin.com/in/nielsreijmer/,false
Edgar de Beule,edgar-de-beule,5ff1e0549f67bfbc76bb0281,5ff1e0549f67bf34b5bb04e3,Tue Dec 03 2019 21:40:27 GMT+0000 (Coordinated Universal Time),Fri Mar 12 2021 23:19:20 GMT+0000 (Coordinated Universal Time),Fri Mar 12 2021 23:19:20 GMT+0000 (Coordinated Universal Time),,,Markteffect,https://www.markteffect.nl/,Owner,https://uploads-ssl.webflow.com/5ff1e0549f67bf6660bb01f3/604bf6f8039855cfac686c01_5de6d642fba068236dbf85a6_edgar-de-beule.jpeg,,https://twitter.com/edgardebeule,https://www.linkedin.com/in/edgardebeule/,
Frans Appels,frans-appels,5ff1e0549f67bfbc76bb0281,5ff1e0549f67bf0398bb04e7,Tue Dec 03 2019 21:54:56 GMT+0000 (Coordinated Universal Time),Fri Mar 12 2021 23:19:15 GMT+0000 (Coordinated Universal Time),Fri Mar 12 2021 23:19:15 GMT+0000 (Coordinated Universal Time),,,Netprofiler,https://www.netprofiler.nl/,Managing partner,https://uploads-ssl.webflow.com/5ff1e0549f67bf6660bb01f3/604bf6f3c436542fa5ffc63e_frans-appels.jpeg,,https://twitter.com/frappels,https://www.linkedin.com/in/fransappels/,
Matthew Niederberger,matthew-niederberger,5ff1e0549f67bfbc76bb0281,5ff1e0549f67bf0944bb04e9,Tue Dec 03 2019 22:18:59 GMT+0000 (Coordinated Universal Time),Fri Mar 12 2021 23:19:10 GMT+0000 (Coordinated Universal Time),Fri Mar 12 2021 23:19:10 GMT+0000 (Coordinated Universal Time),,,Tagticians,https://tagticians.com/,Strategic and Technical Tag Management Contractor,https://uploads-ssl.webflow.com/5ff1e0549f67bf6660bb01f3/604bf6eeb4981250be11f4d3_5de6df3fbdba916e6f7646d1_Matthew-Niederberger.jpeg,,,https://www.linkedin.com/in/matthewniederberger/,
Wim van Slooten,wim-van-slooten,5ff1e0549f67bfbc76bb0281,5ff1e0549f67bf6befbb04ea,Wed Dec 04 2019 20:41:51 GMT+0000 (Coordinated Universal Time),Fri Mar 12 2021 23:19:05 GMT+0000 (Coordinated Universal Time),Fri Mar 12 2021 23:19:05 GMT+0000 (Coordinated Universal Time),,,MOA,https://www.moaweb.nl/,Managing Director,https://uploads-ssl.webflow.com/5ff1e0549f67bf6660bb01f3/604bf6e9be211771898e3021_5de819e8154e7edcb36a7098_Afbeelding-MOA-Wim.jpeg,,,https://www.linkedin.com/in/wim-van-slooten-2342704,
Tjitske Buurman,tjitske,5ff1e0549f67bfbc76bb0281,5ff1e0549f67bf457bbb04eb,Wed Dec 04 2019 20:43:20 GMT+0000 (Coordinated Universal Time),Fri Mar 12 2021 23:19:00 GMT+0000 (Coordinated Universal Time),Fri Mar 12 2021 23:19:00 GMT+0000 (Coordinated Universal Time),,,MOA,https://www.moaweb.nl/,"Eventmanager, Program & Sponsoring",https://uploads-ssl.webflow.com/5ff1e0549f67bf6660bb01f3/604bf6e406f636c8b52c533e_5de81a4ff05293d0f96e4b96_0.jpeg,,,https://www.linkedin.com/in/tjitskebuurman,
Marijke van der Looy,marijke-van-der-looy,5ff1e0549f67bfbc76bb0281,5ff1e0549f67bf54dcbb04f2,Thu Dec 05 2019 13:39:15 GMT+0000 (Coordinated Universal Time),Fri Mar 12 2021 23:18:55 GMT+0000 (Coordinated Universal Time),Fri Mar 12 2021 23:18:55 GMT+0000 (Coordinated Universal Time),true,,Lampenlicht,https://www.lampenlicht.nl/,Customer Experience / E-commerce manager,https://uploads-ssl.webflow.com/5ff1e0549f67bf6660bb01f3/604bf6dfa750981ce56eb627_marijke.jpeg,,,https://www.linkedin.com/in/marijke-van-der-looy-01b70438/,
Gerard Lindeboom († 2020),gerard-lindeboom,5ff1e0549f67bfbc76bb0281,5ff1e0549f67bf1824bb04f6,Thu Dec 05 2019 13:50:08 GMT+0000 (Coordinated Universal Time),Fri Mar 12 2021 23:18:49 GMT+0000 (Coordinated Universal Time),Fri Mar 12 2021 23:18:49 GMT+0000 (Coordinated Universal Time),,,Adobe,https://www.adobe.com/nl/,Senior Solutions Consultant,https://uploads-ssl.webflow.com/5ff1e0549f67bf6660bb01f3/604bf6d91d3fb4588b9f4b77_5de90aed10e99583f014ea19_Gerard_20Lindeboom_20BW_6d314e42d91b6e74dea8db052dfcc58e.jpeg,,,https://www.linkedin.com/in/gerardlindeboom,
Frank Overbeek,frank-overbeek,5ff1e0549f67bfbc76bb0281,5ff1e0549f67bf045bbb04f9,Thu Dec 05 2019 13:57:29 GMT+0000 (Coordinated Universal Time),Fri Mar 12 2021 23:18:45 GMT+0000 (Coordinated Universal Time),Fri Mar 12 2021 23:18:45 GMT+0000 (Coordinated Universal Time),,,CRO Commitee DDMA,https://dutchcroawards.nl/,Chairman,https://uploads-ssl.webflow.com/5ff1e0549f67bf6660bb01f3/604bf6d3b8af09fa724a1c8d_5f69fbd58a67d30ad27fb1e6_frank-overbeek_f294aba0005846c9f354b1dd41533934.jpeg,,,https://www.linkedin.com/in/frank-overbeek-31a7a0/,
Judit Peters,judit-peters,5ff1e0549f67bfbc76bb0281,5ff1e0549f67bfc6dcbb04fa,Thu Dec 05 2019 14:00:05 GMT+0000 (Coordinated Universal Time),Fri Mar 12 2021 23:18:39 GMT+0000 (Coordinated Universal Time),Fri Mar 12 2021 23:18:39 GMT+0000 (Coordinated Universal Time),,,DDMA,https://dutchcroawards.nl/,Conceptdeveloper & Projectmanager,https://uploads-ssl.webflow.com/5ff1e0549f67bf6660bb01f3/604bf6cf9df942f3ca1a0047_5f68cc767fab80e73d5a1994_judit-peters.jpeg,,,https://www.linkedin.com/in/judit-peters/,
Lieven Swinnen,lieven-swinnen,5ff1e0549f67bfbc76bb0281,5ff1e0549f67bf7337bb0503,Thu Dec 05 2019 14:36:51 GMT+0000 (Coordinated Universal Time),Fri Mar 12 2021 23:18:27 GMT+0000 (Coordinated Universal Time),Fri Mar 12 2021 23:18:27 GMT+0000 (Coordinated Universal Time),,,Landal Greenparks,https://www.landal.com/,Manager E-Business Development,https://uploads-ssl.webflow.com/5ff1e0549f67bf6660bb01f3/604bf6c3cb9e047a10b738c5_lieven-swinnen.jpeg,,,https://www.linkedin.com/in/lievenswinnen/,
Cindy Martens,cindy-martens,5ff1e0549f67bfbc76bb0281,5ff1e0549f67bf25fbbb0500,Thu Dec 05 2019 14:39:37 GMT+0000 (Coordinated Universal Time),Fri Mar 12 2021 23:18:21 GMT+0000 (Coordinated Universal Time),Fri Mar 12 2021 23:18:21 GMT+0000 (Coordinated Universal Time),true,,Bruynzeel Keukens,https://www.bruynzeelkeukens.nl/,Marketeer,https://uploads-ssl.webflow.com/5ff1e0549f67bf6660bb01f3/604bf6bd3571929746674263_5de916a5372b4d51e8f7d2fb_cindy-martens.jpeg,,,https://www.linkedin.com/in/cindy-martens-5a51584/,
Desiree van der Horst,desiree-van-der-horst,5ff1e0549f67bfbc76bb0281,5ff1e0549f67bfe617bb0502,Thu Dec 05 2019 14:42:29 GMT+0000 (Coordinated Universal Time),Fri Mar 12 2021 23:18:17 GMT+0000 (Coordinated Universal Time),Fri Mar 12 2021 23:18:17 GMT+0000 (Coordinated Universal Time),true,,Fingerspitz Online Marketing,,CRO Lead,https://uploads-ssl.webflow.com/5ff1e0549f67bf6660bb01f3/604bf6b85df48e827fc36868_desiree.png,,,https://www.linkedin.com/in/desireevanderhorst/,
Pelle den Engelsman,pelle-den-engelsman,5ff1e0549f67bfbc76bb0281,5ff1e0549f67bf659abb04fe,Thu Dec 05 2019 14:46:11 GMT+0000 (Coordinated Universal Time),Fri Mar 12 2021 23:18:10 GMT+0000 (Coordinated Universal Time),Fri Mar 12 2021 23:18:10 GMT+0000 (Coordinated Universal Time),,,Transavia,https://www.transavia.com/,Campaign strategist,https://uploads-ssl.webflow.com/5ff1e0549f67bf6660bb01f3/604bf6b229b39a1cfc4b1c8a_pelle-transavia.jpeg,,,https://www.linkedin.com/in/pelledenengelsman/,
Polle de Maagt,polle-de-maagt,5ff1e0549f67bfbc76bb0281,5ff1e0549f67bfb38bbb0505,Thu Dec 05 2019 15:24:29 GMT+0000 (Coordinated Universal Time),Fri Mar 12 2021 23:18:05 GMT+0000 (Coordinated Universal Time),Fri Mar 12 2021 23:18:05 GMT+0000 (Coordinated Universal Time),,,Ministry of World Domination,http://www.polledemaagt.com/,Digital strategist for social and e-commerce,https://uploads-ssl.webflow.com/5ff1e0549f67bf6660bb01f3/604bf6ac033eb0254557c387_polle.jpeg,http://www.polledemaagt.com/,https://twitter.com/polledemaagt,https://www.linkedin.com/in/polle/,
Ludo Raedts,ludo-raedts,5ff1e0549f67bfbc76bb0281,5ff1e0549f67bf2a8cbb0509,Thu Dec 05 2019 15:28:23 GMT+0000 (Coordinated Universal Time),Fri Mar 12 2021 23:17:59 GMT+0000 (Coordinated Universal Time),Fri Mar 12 2021 23:17:59 GMT+0000 (Coordinated Universal Time),,,RIFF,https://www.riffonline.com/,Founding Partner,https://uploads-ssl.webflow.com/5ff1e0549f67bf6660bb01f3/604bf6a7297acc5d89b96e19_5de921b5bbf4da6a4f272db9_ludo.jpeg,https://www.raedts.net/,https://twitter.com/ludoraedts,https://www.linkedin.com/in/raedts,
Peter van der Schaar,peter-van-der-schaar,5ff1e0549f67bfbc76bb0281,5ff1e0549f67bfec2bbb050a,Thu Dec 05 2019 15:31:40 GMT+0000 (Coordinated Universal Time),Fri Mar 12 2021 23:17:54 GMT+0000 (Coordinated Universal Time),Fri Mar 12 2021 23:17:54 GMT+0000 (Coordinated Universal Time),,,Basedriver,https://www.basedriver.com/,Owner,https://uploads-ssl.webflow.com/5ff1e0549f67bf6660bb01f3/604bf6a2f4228b5a32cfbee8_5de9227081604080ab9eba76_Foto-Peter-van-der-Schaar.jpeg,,https://twitter.com/peterschaar,https://www.linkedin.com/in/petervanderschaar/,
Sander Nagtegaal,sander-nagtegaal,5ff1e0549f67bfbc76bb0281,5ff1e0549f67bf72d7bb0507,Thu Dec 05 2019 15:33:23 GMT+0000 (Coordinated Universal Time),Fri Mar 12 2021 23:17:49 GMT+0000 (Coordinated Universal Time),Fri Mar 12 2021 23:17:49 GMT+0000 (Coordinated Universal Time),,,Unless,https://unless.com/,CEO,https://uploads-ssl.webflow.com/5ff1e0549f67bf6660bb01f3/604bf69d3af82b965cae633d_sander-nagtegaal.jpeg,,,https://www.linkedin.com/in/centrical/,
Markus Leineweber,markus-leineweber,5ff1e0549f67bfbc76bb0281,5ff1e0549f67bf5964bb0508,Thu Dec 05 2019 15:39:00 GMT+0000 (Coordinated Universal Time),Fri Mar 12 2021 23:17:44 GMT+0000 (Coordinated Universal Time),Fri Mar 12 2021 23:17:44 GMT+0000 (Coordinated Universal Time),,,Perspective,https://perspective.amsterdam/,Partner & Founder,https://uploads-ssl.webflow.com/5ff1e0549f67bf6660bb01f3/604bf6981a646b93a0d07353_markus-leineweber.jpeg,,https://twitter.com/m_leineweber,https://www.linkedin.com/in/markusleineweber/,
Hielko van der Molen,hielko-van-der-molen,5ff1e0549f67bfbc76bb0281,5ff1e0549f67bf28f1bb050b,Thu Dec 05 2019 15:54:07 GMT+0000 (Coordinated Universal Time),Fri Mar 12 2021 23:17:39 GMT+0000 (Coordinated Universal Time),Fri Mar 12 2021 23:17:39 GMT+0000 (Coordinated Universal Time),,,Medux,https://www.medux.nl/,Product Owner Mijnmedipoint,https://uploads-ssl.webflow.com/5ff1e0549f67bf6660bb01f3/604bf692ffb518164a6d4802_Hielko-van-der-Molen.jpeg,https://www.hielko.nl/,https://twitter.com/hielko,https://www.linkedin.com/in/hielko/,
Lotte Cornelissen,lotte-cornelissen,5ff1e0549f67bfbc76bb0281,5ff1e0549f67bf5755bb0511,Sun Dec 15 2019 16:24:49 GMT+0000 (Coordinated Universal Time),Fri Mar 12 2021 23:17:32 GMT+0000 (Coordinated Universal Time),Fri Mar 12 2021 23:17:32 GMT+0000 (Coordinated Universal Time),true,,Online Dialogue,https://onlinedialogue.nl/,Product director & Senior consultant,https://uploads-ssl.webflow.com/5ff1e0549f67bf6660bb01f3/604bf68c5df48ec702c341fb_5df65e0bb0ebe7cb6546e191_lotte-cornelissen-min.jpeg,,,http://nl.linkedin.com/in/cornelissenlotte,
Hélène van den Dries,helene-van-den-dries,5ff1e0549f67bfbc76bb0281,5ff1e0549f67bf35aabb0519,Thu Jan 02 2020 15:13:54 GMT+0000 (Coordinated Universal Time),Fri Mar 12 2021 23:17:27 GMT+0000 (Coordinated Universal Time),Fri Mar 12 2021 23:17:27 GMT+0000 (Coordinated Universal Time),true,true,WeTransfer,https://wetransfer.com/,UX Team lead,https://uploads-ssl.webflow.com/5ff1e0549f67bf6660bb01f3/604bf6879df9426d5d19cb33_helene-vandendries.jpeg,,,https://www.linkedin.com/in/hélène-van-den-dries-7588825b/,false
Jan Brooijmans,jan-brooijmans,5ff1e0549f67bfbc76bb0281,5ff1e0549f67bff1b3bb0518,Thu Jan 02 2020 15:16:23 GMT+0000 (Coordinated Universal Time),Fri Mar 12 2021 23:17:22 GMT+0000 (Coordinated Universal Time),Fri Mar 12 2021 23:17:22 GMT+0000 (Coordinated Universal Time),,,Jan Brooijmans,https://www.janbrooijmans.nl/,Business Analytics Consultant & BI Projectmanager,https://uploads-ssl.webflow.com/5ff1e0549f67bf6660bb01f3/604bf682357192ee3e6730cb_brooijmans.jpeg,https://www.janbrooijmans.nl/,https://twitter.com/janbrooijmans,https://www.linkedin.com/in/janbrooijmans/,false
Sep Visser,sep-visser,5ff1e0549f67bfbc76bb0281,5ff1e0549f67bf099abb0522,Thu Feb 06 2020 22:21:55 GMT+0000 (Coordinated Universal Time),Fri Mar 12 2021 23:17:17 GMT+0000 (Coordinated Universal Time),Fri Mar 12 2021 23:17:17 GMT+0000 (Coordinated Universal Time),,,LifeGuard,https://lifeguard.nl/,Managing Partner,https://uploads-ssl.webflow.com/5ff1e0549f67bf6660bb01f3/604bf67db071373eec1c6cc9_sepvisser.jpeg,,https://twitter.com/sepvis,https://www.linkedin.com/in/sepvisser/,false
Florian Dirkse,florian-dirkse,5ff1e0549f67bfbc76bb0281,5ff1e0549f67bf75debb052c,Thu Feb 06 2020 22:27:00 GMT+0000 (Coordinated Universal Time),Fri Mar 12 2021 23:17:11 GMT+0000 (Coordinated Universal Time),Fri Mar 12 2021 23:17:11 GMT+0000 (Coordinated Universal Time),,,Zeildromen,https://zeildromen.nl/,Owner,https://uploads-ssl.webflow.com/5ff1e0549f67bf6660bb01f3/604bf677121eb9ebd1e2fc65_5f68dbdcbee2b93dedf85f84_5f68cd567e087c97e002f26b__d8151a46d2c8e17ba3f1bab145c90df0.jpeg,,https://twitter.com/floriandirkse,https://www.linkedin.com/in/florian-dirkse-560b107/,false
Janine Geijsen,janine-geijsen,5ff1e0549f67bfbc76bb0281,5ff1e0549f67bf3fddbb052d,Thu Feb 06 2020 22:29:38 GMT+0000 (Coordinated Universal Time),Fri Mar 12 2021 23:17:06 GMT+0000 (Coordinated Universal Time),Fri Mar 12 2021 23:17:06 GMT+0000 (Coordinated Universal Time),false,,Spacebuzz,https://www.spacebuzz.earth/,Directeur,https://uploads-ssl.webflow.com/5ff1e0549f67bf6660bb01f3/604bf67215730e4e05ba6863_janine.jpeg,,,https://www.linkedin.com/in/geijsen/,false
Felienne Hermans,felienne-hermans,5ff1e0549f67bfbc76bb0281,5ff1e0549f67bfe3b9bb0524,Thu Feb 06 2020 22:34:55 GMT+0000 (Coordinated Universal Time),Fri Mar 12 2021 23:17:02 GMT+0000 (Coordinated Universal Time),Fri Mar 12 2021 23:17:02 GMT+0000 (Coordinated Universal Time),true,,Leiden University,https://liacs.leidenuniv.nl/,Associate professor ,https://uploads-ssl.webflow.com/5ff1e0549f67bf6660bb01f3/604bf66ee9e958ab51b136bc_5e3c94168154986301cc7016_FelienneHermans-min.jpeg,https://www.felienne.com/,https://twitter.com/felienne,https://www.linkedin.com/in/felienne/,
Carla Verwijmeren,carla-verwijmeren,5ff1e0549f67bfbc76bb0281,5ff1e0549f67bfb99bbb0523,Thu Feb 06 2020 22:37:46 GMT+0000 (Coordinated Universal Time),Fri Mar 12 2021 23:16:57 GMT+0000 (Coordinated Universal Time),Fri Mar 12 2021 23:16:57 GMT+0000 (Coordinated Universal Time),false,,Smartvoices,https://www.smartvoices.nl/,Founder & Managing partner,https://uploads-ssl.webflow.com/5ff1e0549f67bf6660bb01f3/604bf66906f636b19a2bf5ef_carla.jpeg,,https://twitter.com/carlaverwijmere,https://www.linkedin.com/in/carla-verwijmeren/,
Antoinette van der Linden,antoinette-van-der-linden,5ff1e0549f67bfbc76bb0281,5ff1e0549f67bf8629bb0529,Thu Feb 06 2020 22:40:46 GMT+0000 (Coordinated Universal Time),Fri Mar 12 2021 23:16:53 GMT+0000 (Coordinated Universal Time),Fri Mar 12 2021 23:16:53 GMT+0000 (Coordinated Universal Time),false,,KWH,https://www.kwh.nl/,Adjunct directeur,https://uploads-ssl.webflow.com/5ff1e0549f67bf6660bb01f3/604bf6640ed19947fe9867ca_5e3c95d89c2fddf2d07604be_antoinette-min.jpeg,,,https://www.linkedin.com/in/antoinette-van-der-linden-ba75b984/,
Pascal van Hattum,pascal-van-hattum,5ff1e0549f67bfbc76bb0281,5ff1e0549f67bfece7bb052b,Thu Feb 06 2020 22:43:15 GMT+0000 (Coordinated Universal Time),Fri Mar 12 2021 23:16:47 GMT+0000 (Coordinated Universal Time),Fri Mar 12 2021 23:16:47 GMT+0000 (Coordinated Universal Time),,,MarketResponse,https://marketresponse.nl/,Manager Innovatie,https://uploads-ssl.webflow.com/5ff1e0549f67bf6660bb01f3/604bf65f2882a37d7b38adc3_5e3c967dc5a9364839a3471b_pascal-min.jpeg,,,https://www.linkedin.com/in/pascal-van-hattum-✔-352491/,
Jeroen Meijer,jeroen-meijer,5ff1e0549f67bfbc76bb0281,5ff1e0549f67bf5854bb0525,Thu Feb 06 2020 22:46:18 GMT+0000 (Coordinated Universal Time),Fri Mar 12 2021 23:16:42 GMT+0000 (Coordinated Universal Time),Fri Mar 12 2021 23:16:42 GMT+0000 (Coordinated Universal Time),,,Triple,https://www.wearetriple.com/,"Account Director, Sr. Business development",https://uploads-ssl.webflow.com/5ff1e0549f67bf6660bb01f3/604bf65aab967a6d47005eb7_5e3c96f6260abe3b77759993_jeroen-min.jpeg,,,https://www.linkedin.com/in/jeroenmeijer1/,
Joris Schellekens,joris-schellekens,5ff1e0549f67bfbc76bb0281,5ff1e0549f67bfd5abbb052a,Thu Feb 06 2020 22:49:05 GMT+0000 (Coordinated Universal Time),Fri Mar 12 2021 23:16:38 GMT+0000 (Coordinated Universal Time),Fri Mar 12 2021 23:16:38 GMT+0000 (Coordinated Universal Time),,,Markteffect,https://www.markteffect.nl/,General manager,https://uploads-ssl.webflow.com/5ff1e0549f67bf6660bb01f3/604bf656e9e9587338b1324c_5e3c979b0eb590a319664ff7_joris-min.jpeg,,https://twitter.com/jschellekens12,https://www.linkedin.com/in/jorisschellekens/,
Jasper Spaargaren,jasper-spaargaren,5ff1e0549f67bfbc76bb0281,5ff1e0549f67bf0375bb0527,Thu Feb 06 2020 23:00:21 GMT+0000 (Coordinated Universal Time),Fri Mar 12 2021 23:16:23 GMT+0000 (Coordinated Universal Time),Fri Mar 12 2021 23:16:23 GMT+0000 (Coordinated Universal Time),,,Sir Joe,https://sirjoe.nl/,Director,https://uploads-ssl.webflow.com/5ff1e0549f67bf6660bb01f3/604bf6473af82bfee1ae3cc5_5e3c9a559c2fdd83107627fb_jasper-min.jpeg,,,https://www.linkedin.com/in/jasperspaargaren/,
Dirk Soetens,dirk-soetens,5ff1e0549f67bfbc76bb0281,5ff1e0549f67bf99e9bb0530,Thu Feb 06 2020 23:04:47 GMT+0000 (Coordinated Universal Time),Fri Mar 12 2021 23:16:19 GMT+0000 (Coordinated Universal Time),Fri Mar 12 2021 23:16:19 GMT+0000 (Coordinated Universal Time),,,VRT/VAR,https://www.var.be,Research manager,https://uploads-ssl.webflow.com/5ff1e0549f67bf6660bb01f3/604bf64290b0b3440d9b5cff_5e3c9b1c9c2fdd73b6762d61_dirk-min.jpeg,,https://twitter.com/dirksoetens,https://www.linkedin.com/in/dirk-soetens-4886242/,
Lucas Vos,lucas-vos,5ff1e0549f67bfbc76bb0281,5ff1e0549f67bfce1abb0532,Fri Feb 07 2020 13:52:48 GMT+0000 (Coordinated Universal Time),Fri Mar 12 2021 23:16:06 GMT+0000 (Coordinated Universal Time),Fri Mar 12 2021 23:16:06 GMT+0000 (Coordinated Universal Time),,true,RTL Nederland,https://www.rtl.nl/,Senior Conversion Specialist,https://uploads-ssl.webflow.com/5ff1e0549f67bf6660bb01f3/604bf636eca8664798512913_lucasvos.jpeg,,https://twitter.com/lucasvos,https://www.linkedin.com/in/lucasfjvos/,
Cristian van Nispen,cristian-van-nispen,5ff1e0549f67bfbc76bb0281,5ff1e0549f67bf3326bb0537,Sat Feb 15 2020 17:04:45 GMT+0000 (Coordinated Universal Time),Fri Mar 12 2021 23:15:50 GMT+0000 (Coordinated Universal Time),Fri Mar 12 2021 23:15:50 GMT+0000 (Coordinated Universal Time),,,Dept,https://www.deptagency.com,Lead Insights,https://uploads-ssl.webflow.com/5ff1e0549f67bf6660bb01f3/604bf626b4da168e8e271e2b_5e4824999065e751b5102bb9_cristiaan-min.jpeg,,https://twitter.com/cvnispen,https://nl.linkedin.com/in/cristianvannispen,
Janus de Visser,janus-de-visser,5ff1e0549f67bfbc76bb0281,5ff1e0549f67bf7911bb053c,Sat Feb 15 2020 21:34:18 GMT+0000 (Coordinated Universal Time),Fri Mar 12 2021 23:15:45 GMT+0000 (Coordinated Universal Time),Fri Mar 12 2021 23:15:45 GMT+0000 (Coordinated Universal Time),,,Cloud Nine Digital,https://cloudninedigital.nl/,Operations Director,https://uploads-ssl.webflow.com/5ff1e0549f67bf6660bb01f3/604bf621ef825f8200a14a3e_Janus-de-Visser.png,,,https://www.linkedin.com/in/janusdevisser/,
Tije Vlam,tije-vlam,5ff1e0549f67bfbc76bb0281,5ff1e0549f67bf8e78bb053f,Sat Feb 15 2020 21:36:59 GMT+0000 (Coordinated Universal Time),Fri Mar 12 2021 23:15:38 GMT+0000 (Coordinated Universal Time),Fri Mar 12 2021 23:15:38 GMT+0000 (Coordinated Universal Time),,,Trafficbuilders,https://www.traffic-builders.com,Digital Analytics Consultant,https://uploads-ssl.webflow.com/5ff1e0549f67bf6660bb01f3/604bf61aeca8663d50510461_tijevlam.png,,,https://www.linkedin.com/in/tijevlam/,
Mark Tijssen,mark-tijssen,5ff1e0549f67bfbc76bb0281,5ff1e0549f67bf2c69bb053a,Sat Feb 15 2020 21:38:44 GMT+0000 (Coordinated Universal Time),Fri Mar 12 2021 23:15:31 GMT+0000 (Coordinated Universal Time),Fri Mar 12 2021 23:15:31 GMT+0000 (Coordinated Universal Time),,,Landal GreenParks,https://www.landal.nl/,Team Lead Web Intelligence,https://uploads-ssl.webflow.com/5ff1e0549f67bf6660bb01f3/604bf613b4e773073d6fddd0_Mark-Tijssen.png,,,https://www.linkedin.com/in/marktijssen/,
Michel van Luijtelaar,michel-van-luijtelaar,5ff1e0549f67bfbc76bb0281,5ff1e0549f67bf46c8bb0542,Sat Feb 15 2020 21:41:02 GMT+0000 (Coordinated Universal Time),Fri Mar 12 2021 23:15:25 GMT+0000 (Coordinated Universal Time),Fri Mar 12 2021 23:15:25 GMT+0000 (Coordinated Universal Time),,,Up Analytics,https://analytics.co.uk/,Founder,https://uploads-ssl.webflow.com/5ff1e0549f67bf6660bb01f3/604bf60df909c79d3449041b_MichelvanLuijtelaar.png,,,https://www.linkedin.com/in/michelvanluijtelaar/,
Twan Lammers,twan-lammers,5ff1e0549f67bfbc76bb0281,5ff1e0549f67bffd12bb053d,Sat Feb 15 2020 21:42:36 GMT+0000 (Coordinated Universal Time),Fri Mar 12 2021 23:15:18 GMT+0000 (Coordinated Universal Time),Fri Mar 12 2021 23:15:18 GMT+0000 (Coordinated Universal Time),,,OrangeValley,https://orangevalley.nl/,Senior Data Analist,https://uploads-ssl.webflow.com/5ff1e0549f67bf6660bb01f3/604bf606eca866c1d950e891_twanlammers.png,,https://twitter.com/twan1989,https://www.linkedin.com/in/twanlammers/,
Hans Nauta,hans-nauta,5ff1e0549f67bfbc76bb0281,5ff1e0549f67bf5777bb0540,Sat Feb 15 2020 21:44:47 GMT+0000 (Coordinated Universal Time),Fri Mar 12 2021 23:15:11 GMT+0000 (Coordinated Universal Time),Fri Mar 12 2021 23:15:11 GMT+0000 (Coordinated Universal Time),,,Online Dialogue,https://onlinedialogue.nl/,Analytics & Optimization Expert,https://uploads-ssl.webflow.com/5ff1e0549f67bf6660bb01f3/604bf5ff0ed199540a982b3d_hansnauta.png,https://hansnauta.com/,,https://www.linkedin.com/in/hansnauta/,
Reinier Koolmees,reinier-koolmees,5ff1e0549f67bfbc76bb0281,5ff1e0549f67bf3b7fbb0541,Sat Feb 15 2020 21:46:23 GMT+0000 (Coordinated Universal Time),Fri Mar 12 2021 23:15:05 GMT+0000 (Coordinated Universal Time),Fri Mar 12 2021 23:15:05 GMT+0000 (Coordinated Universal Time),,,Online Dialogue,https://onlinedialogue.nl/,Analytics & Optimization Expert,https://uploads-ssl.webflow.com/5ff1e0549f67bf6660bb01f3/604bf5f887e34313f16eea27_5e4866a39065e7d5981259e1_photo_233380_184_184_90_s_c1_smart_scale-min.jpeg,,,https://www.linkedin.com/in/reinier-koolmees,
Nils Rooijmans,nils-rooijmans,5ff1e0549f67bfbc76bb0281,5ff1e0549f67bf3bdebb0538,Sat Feb 15 2020 21:49:16 GMT+0000 (Coordinated Universal Time),Fri Mar 12 2021 23:14:59 GMT+0000 (Coordinated Universal Time),Fri Mar 12 2021 23:14:59 GMT+0000 (Coordinated Universal Time),,,Self employed,https://nilsrooijmans.com/,Search Marketing Business Consultant,https://uploads-ssl.webflow.com/5ff1e0549f67bf6660bb01f3/604bf5f3f909c7777648f1b5_5e486738baff8f61aba71cee_nils-rooijmans-2x-min.jpeg,,https://twitter.com/thatsearchguynl,https://www.linkedin.com/in/nilsrooijmans,
Erwin Kerk,erwin-kerk,5ff1e0549f67bfbc76bb0281,5ff1e0549f67bf12bcbb053b,Sat Feb 15 2020 22:03:48 GMT+0000 (Coordinated Universal Time),Fri Mar 12 2021 23:14:54 GMT+0000 (Coordinated Universal Time),Fri Mar 12 2021 23:14:54 GMT+0000 (Coordinated Universal Time),,,SiteSpect,https://www.sitespect.com/,Senior Consultant,https://uploads-ssl.webflow.com/5ff1e0549f67bf6660bb01f3/604bf5eeffb518f7776cec7f_erwinkerk.png,,https://twitter.com/erwinkerk,https://www.linkedin.com/in/erwinkerk/,
Martijn Drijver,martijn-drijver,5ff1e0549f67bfbc76bb0281,5ff1e0549f67bf07c3bb053e,Sat Feb 15 2020 22:08:28 GMT+0000 (Coordinated Universal Time),Fri Mar 12 2021 23:14:49 GMT+0000 (Coordinated Universal Time),Fri Mar 12 2021 23:14:49 GMT+0000 (Coordinated Universal Time),,,Fosby Digital Agency,https://fosby.nl/,Teamlead SEO,https://uploads-ssl.webflow.com/5ff1e0549f67bf6660bb01f3/604bf5e9b0713762971c28ab_5e486bd89065e79ed3127912_mrtijndrijver-min.jpeg,,,https://www.linkedin.com/in/martijndrijver/,
Jack Solcer,jack-solcer,5ff1e0549f67bfbc76bb0281,5ff1e0549f67bf12f1bb0551,Thu Mar 19 2020 16:35:46 GMT+0000 (Coordinated Universal Time),Fri Mar 12 2021 23:14:44 GMT+0000 (Coordinated Universal Time),Fri Mar 12 2021 23:14:44 GMT+0000 (Coordinated Universal Time),,,Omoda,https://www.omoda.nl/,CRO Specialist,https://uploads-ssl.webflow.com/5ff1e0549f67bf6660bb01f3/604bf5e433bbb6ead78ee3b3_5e739f540a912b918d338b6e_jack-min.jpeg,,,https://www.linkedin.com/in/jsolcer/,
Els Aerts,els-aerts,5ff1e0549f67bfbc76bb0281,5ff1e0549f67bf7e9bbb0554,Wed Mar 25 2020 20:07:44 GMT+0000 (Coordinated Universal Time),Fri Mar 12 2021 23:14:40 GMT+0000 (Coordinated Universal Time),Fri Mar 12 2021 23:14:40 GMT+0000 (Coordinated Universal Time),true,true,AGConsult,https://www.agconsult.com/nl/,The 'A' from AGConsult,https://uploads-ssl.webflow.com/5ff1e0549f67bf6660bb01f3/604bf5e0f909c7e73148e8d2_5e7bc169a627bcacdb390138_Els_0be59f146d7241dac208e3419f9e71d3.jpeg,,https://twitter.com/els_aerts,https://be.linkedin.com/in/elsaertswebusability,
Marco van Loon,marco-van-loon,5ff1e0549f67bfbc76bb0281,5ff1e0549f67bf256ebb0556,Mon Apr 06 2020 06:24:52 GMT+0000 (Coordinated Universal Time),Fri Mar 12 2021 23:14:35 GMT+0000 (Coordinated Universal Time),Fri Mar 12 2021 23:14:35 GMT+0000 (Coordinated Universal Time),,,Metrixlab,https://www.metrixlab.com/,Lead CX Researcher,https://uploads-ssl.webflow.com/5ff1e0549f67bf6660bb01f3/604bf5db12847dbc5c56f6df_5e8acb21f99d7c5ae778147c_marco-min.jpeg,,https://twitter.com/marco_van_loon,https://www.linkedin.com/in/marco-van-loon-6121b16,
Mike Wilms,mike-wilms,5ff1e0549f67bfbc76bb0281,5ff1e0549f67bf7e8ebb055a,Mon Apr 13 2020 06:16:47 GMT+0000 (Coordinated Universal Time),Fri Mar 12 2021 23:14:29 GMT+0000 (Coordinated Universal Time),Fri Mar 12 2021 23:14:29 GMT+0000 (Coordinated Universal Time),,,De Nieuwe Zaak,https://www.denieuwezaak.nl,CRO & UX Consultant,https://uploads-ssl.webflow.com/5ff1e0549f67bf6660bb01f3/604bf5d5297acc78deb92c74_5e94038e73fd9d5e0d88dbb0_mike-min.jpeg,https://www.mikewilms.nl,https://twitter.com/MikeWillem,https://www.linkedin.com/in/mikewilms/?originalSubdomain=nl,
Marlies Wilms Floet,marlies-wilms-floet,5ff1e0549f67bfbc76bb0281,5ff1e0549f67bf45e7bb055c,Mon Apr 13 2020 06:19:45 GMT+0000 (Coordinated Universal Time),Fri Mar 12 2021 23:14:25 GMT+0000 (Coordinated Universal Time),Fri Mar 12 2021 23:14:25 GMT+0000 (Coordinated Universal Time),true,,De Nieuwe Zaak,https://www.denieuwezaak.nl,Teamlead CRO,https://uploads-ssl.webflow.com/5ff1e0549f67bf6660bb01f3/604bf5d09d4da5663fce0843_5e94043e639000608fd8165a_Marlies-Wilms-Floet-DNZ-1-min.jpeg,,,https://www.linkedin.com/in/marlieswilmsfloet/?originalSubdomain=nl,
Nico de Jong,nico-de-jong,5ff1e0549f67bfbc76bb0281,5ff1e0549f67bf5cf0bb0560,Tue Apr 21 2020 18:52:28 GMT+0000 (Coordinated Universal Time),Fri Mar 12 2021 23:14:08 GMT+0000 (Coordinated Universal Time),Fri Mar 12 2021 23:14:08 GMT+0000 (Coordinated Universal Time),,,Onwijs Marketing,https://www.onwijsmarketing.nl/,Owner,https://uploads-ssl.webflow.com/5ff1e0549f67bf6660bb01f3/604bf5c0be21178f538dcc68_5e9f40912890cb70f70fa562_nico-min.jpeg,,https://twitter.com/NicodeJongMSc,https://www.linkedin.com/in/nicodejongmsc/,
Bas Wouters,bas-wouters,5ff1e0549f67bfbc76bb0281,5ff1e0549f67bf5f17bb0565,Fri May 01 2020 13:16:00 GMT+0000 (Coordinated Universal Time),Fri Mar 12 2021 23:14:03 GMT+0000 (Coordinated Universal Time),Fri Mar 12 2021 23:14:03 GMT+0000 (Coordinated Universal Time),,,Online Influence Institute,https://onlineinfluence.com/,Partner,https://uploads-ssl.webflow.com/5ff1e0549f67bf6660bb01f3/604bf5bbcb0ba1977cb9268e_5ed0f79e592a1fc611b533c0_Bas-Woiuters-min.jpeg,,,https://www.linkedin.com/in/bas-wouters-cmct-b50a9216/,false
Tjerk van der Veen,tjerk-van-der-veen,5ff1e0549f67bfbc76bb0281,5ff1e0549f67bf468fbb05aa,Sun May 17 2020 11:58:32 GMT+0000 (Coordinated Universal Time),Fri Mar 12 2021 23:11:05 GMT+0000 (Coordinated Universal Time),Fri Mar 12 2021 23:11:05 GMT+0000 (Coordinated Universal Time),,,EcommerceWeb,https://www.ecommerceweb.nl/,Freelance Ecommerce Manager,https://uploads-ssl.webflow.com/5ff1e0549f67bf6660bb01f3/604bf509b4da16ed8e266f7b_5ec125de5013c5295a9c2939_tjerk-min.jpeg,,https://twitter.com/tjerkveen,https://www.linkedin.com/in/tjerkveen/,
Ronald Voorn,ronald-voorn,5ff1e0549f67bfbc76bb0281,5ff1e0549f67bf83e2bb05b1,Mon May 25 2020 15:35:24 GMT+0000 (Coordinated Universal Time),Fri Mar 12 2021 23:10:55 GMT+0000 (Coordinated Universal Time),Fri Mar 12 2021 23:10:55 GMT+0000 (Coordinated Universal Time),,,Hogeschool Utrecht,https://www.hu.nl/,Senior lecturer and researcher,https://uploads-ssl.webflow.com/5ff1e0549f67bf6660bb01f3/604bf4febe211767ad8d6dbe_5ecbe5ac572321736e3bf3d4_ronaldvoorn-min.jpeg,,https://twitter.com/ronvrn,https://www.linkedin.com/in/ronaldvoorn/,false
Sander Volbeda,sander-volbeda,5ff1e0549f67bfbc76bb0281,5ff1e0549f67bf3786bb05b2,Mon May 25 2020 15:39:11 GMT+0000 (Coordinated Universal Time),Fri Mar 12 2021 23:10:49 GMT+0000 (Coordinated Universal Time),Fri Mar 12 2021 23:10:49 GMT+0000 (Coordinated Universal Time),,,CRO-Tool,https://cro-tool.com/,Conversion (CRO) Specialist & UX Designer,https://uploads-ssl.webflow.com/5ff1e0549f67bf6660bb01f3/604bf4f90ed1994157977b65_5ecbe66b8e7127f98be1e3fb_sandervolbeda-min.jpeg,https://sandervolbeda.com/,https://twitter.com/sandervolbeda,https://www.linkedin.com/in/sandervolbeda/,false
Danny Oosterveer,danny-oosterveer,5ff1e0549f67bfbc76bb0281,5ff1e0549f67bfb980bb05e9,Sun Jul 12 2020 11:54:55 GMT+0000 (Coordinated Universal Time),Fri Mar 12 2021 23:08:43 GMT+0000 (Coordinated Universal Time),Fri Mar 12 2021 23:08:43 GMT+0000 (Coordinated Universal Time),,,Burgers' Zoo,https://www.burgerszoo.nl/,Data-gedreven marketeer,https://uploads-ssl.webflow.com/5ff1e0549f67bf6660bb01f3/604bf47bb6adc870bf8872a7_danny.jpeg,https://www.dannyoosterveer.nl/,https://twitter.com/DannyOosterveer,https://linkedin.com/in/dannyoosterveer/,
Jos IJntema,jos-ijntema,5ff1e0549f67bfbc76bb0281,5ff1e0549f67bf6ac1bb05fd,Sun Aug 09 2020 18:17:10 GMT+0000 (Coordinated Universal Time),Fri Mar 12 2021 23:08:04 GMT+0000 (Coordinated Universal Time),Fri Mar 12 2021 23:08:04 GMT+0000 (Coordinated Universal Time),,,Grain,https://graindataconsultants.com/,Co-Founder,https://uploads-ssl.webflow.com/5ff1e0549f67bf6660bb01f3/604bf454cd06410e27806f90_5f303d8ce83d3d4ac6411dec_josijntema-min.jpeg,,https://twitter.com/JosIJntema,https://www.linkedin.com/in/josijntema/,
Lisanne Maatman,lisanne-maatman,5ff1e0549f67bfbc76bb0281,5ff1e0549f67bf5c34bb060e,Mon Sep 21 2020 20:19:09 GMT+0000 (Coordinated Universal Time),Fri Mar 12 2021 23:07:54 GMT+0000 (Coordinated Universal Time),Fri Mar 12 2021 23:07:54 GMT+0000 (Coordinated Universal Time),true,,Dept Agency,https://www.deptagency.com/,Team Lead Insights & sr. CRO specialist,https://uploads-ssl.webflow.com/5ff1e0549f67bf6660bb01f3/604bf44a7b3985a9d43b8bd2_lisanne1.jpeg,http://lisannemaatman.nl/,https://twitter.com/lisannemaatman,https://www.linkedin.com/in/lisannemaatman/?originalSubdomain=nl,false
Dumky de Wilde,dumky-de-wilde,5ff1e0549f67bfbc76bb0281,5ff1e0549f67bf2ba6bb060f,Mon Sep 21 2020 20:21:55 GMT+0000 (Coordinated Universal Time),Fri Mar 12 2021 23:07:50 GMT+0000 (Coordinated Universal Time),Fri Mar 12 2021 23:07:50 GMT+0000 (Coordinated Universal Time),,,Dept Agency,https://www.deptagency.com,Senior Technical Analyst,https://uploads-ssl.webflow.com/5ff1e0549f67bf6660bb01f3/604bf44615730e0607b8a265_dumky.jpeg,https://www.dumkydewilde.nl/,,https://www.linkedin.com/in/dumkydewilde/,false
Bas van Dijk,bas-van-dijk,5ff1e0549f67bfbc76bb0281,5ff1e0549f67bf1e82bb0635,Thu Oct 01 2020 15:59:26 GMT+0000 (Coordinated Universal Time),Fri Mar 12 2021 23:06:43 GMT+0000 (Coordinated Universal Time),Fri Mar 12 2021 23:06:43 GMT+0000 (Coordinated Universal Time),,,Bol.com,https://www.bol.com,Customer Journey Excellence Specialist,https://uploads-ssl.webflow.com/5ff1e0549f67bf6660bb01f3/604bf403a2eb552ec2922465_bas.jpeg,,,https://www.linkedin.com/in/basvandijk2/,
Alen Sirovica,alen-sirovica,5ff1e0549f67bfbc76bb0281,5ff245862a2c19448ef3c254,Sun Jan 03 2021 22:30:30 GMT+0000 (Coordinated Universal Time),Fri Mar 12 2021 23:05:37 GMT+0000 (Coordinated Universal Time),Fri Mar 12 2021 23:05:37 GMT+0000 (Coordinated Universal Time),false,false,Elephant,https://elephantcs.nl/,Co-founder,https://uploads-ssl.webflow.com/5ff1e0549f67bf6660bb01f3/604bf3c1b4e7735a2a6e9abd_alen.jpeg,https://alensirovica.nl/,https://twitter.com/asirovica,https://www.linkedin.com/in/alensirovica/,true
Rob Harkink,rob-harkink,5ff1e0549f67bfbc76bb0281,5ff245aa6bdbfa47dd6365e8,Sun Jan 03 2021 22:31:06 GMT+0000 (Coordinated Universal Time),Fri Mar 12 2021 23:05:32 GMT+0000 (Coordinated Universal Time),Fri Mar 12 2021 23:05:32 GMT+0000 (Coordinated Universal Time),false,false,Tele2,https://www.tele2.nl/,Product owner,https://uploads-ssl.webflow.com/5ff1e0549f67bf6660bb01f3/604bf3bb12847dd5a755acd3_rob.jpeg,,,https://nl.linkedin.com/in/robharkink,true
Wesley Singh,wesley-singh,5ff1e0549f67bfbc76bb0281,5ff245c70dfbf42e800c9c72,Sun Jan 03 2021 22:31:35 GMT+0000 (Coordinated Universal Time),Fri Mar 12 2021 23:05:27 GMT+0000 (Coordinated Universal Time),Fri Mar 12 2021 23:05:27 GMT+0000 (Coordinated Universal Time),false,false,Freelance,,Conversiespecialist,https://uploads-ssl.webflow.com/5ff1e0549f67bf6660bb01f3/604bf3b615730e5549b83a49_wesley.jpeg,https://wesleysingh.nl/,,https://nl.linkedin.com/in/wesleysingh,true
Rick Hoving,rick-hoving,5ff1e0549f67bfbc76bb0281,602d7ddda42747f07fee0d35,Wed Feb 17 2021 20:34:37 GMT+0000 (Coordinated Universal Time),Fri Mar 12 2021 23:05:21 GMT+0000 (Coordinated Universal Time),Fri Mar 12 2021 23:05:21 GMT+0000 (Coordinated Universal Time),false,false,ASICS,https://www.asics.com/nl/en-nl/,Sr. Ecommerce Manager,https://uploads-ssl.webflow.com/5ff1e0549f67bf6660bb01f3/604bf3b1dfcca5d3524de11a_rickhoving_1460735913_29_grey.jpeg,,https://twitter.com/rickhoving,https://www.linkedin.com/in/rickhoving/,false
