Name,Slug,Collection ID,Item ID,Created On,Updated On,Published On,female?,Type,Featured on homepage?,Company name,Company URL,Function/Title,Picture,Personal website,Twitter URL,LinkedIn URL,Upcoming,Book recommendations
Julia Rumpf,julia-rumpf,5f762516f490f5eca3d63977,666852ee7e6bc71fa6df2a20,Tue Jun 11 2024 13:36:46 GMT+0000 (Coordinated Universal Time),Tue Jun 11 2024 13:51:35 GMT+0000 (Coordinated Universal Time),Tue Jun 11 2024 13:51:35 GMT+0000 (Coordinated Universal Time),true,podcast-guest,false,konversionkraft,,Business Owner GMS,https://uploads-ssl.webflow.com/5be066740487be149c23be72/666852e0272af8edd28563f7_Julia%20Rumpf%20LinkedIn.jpeg,,,https://www.linkedin.com/in/julia-rumpf-74b77974/,false,
André Vieira,andre-vieira,5f762516f490f5eca3d63977,625ebc6428d36fdc175227af,Tue Apr 19 2022 13:43:00 GMT+0000 (Coordinated Universal Time),Sat Dec 31 2022 15:55:47 GMT+0000 (Coordinated Universal Time),Sat Dec 31 2022 15:55:47 GMT+0000 (Coordinated Universal Time),false,podcast-guest,false,Looptimiza,https://looptimize.com/,Senior Customer Journey Optimization Expert,https://uploads-ssl.webflow.com/5be066740487be149c23be72/625ebc39c1be915e8393bab1_andre.jpg,,https://twitter.com/HeyAndreVieira,https://www.linkedin.com/in/andrevieira1/,false,
Arnout Hellemans,arnout-hellemans,5f762516f490f5eca3d63977,5f762516f490f537ecd63a77,Sat Mar 09 2019 12:38:23 GMT+0000 (Coordinated Universal Time),Fri Dec 30 2022 22:22:57 GMT+0000 (Coordinated Universal Time),Fri Dec 30 2022 22:22:57 GMT+0000 (Coordinated Universal Time),,podcast-guest,,Online Markethink,http://onlinemarkethink.com/,Owner,https://uploads-ssl.webflow.com/5be066740487be149c23be72/604bfe25b6adc8822d8cd237_arnout-hellemans.jpeg,,https://twitter.com/hellemans,https://nl.linkedin.com/in/arnouthellemans,false,
Matt Scaysbrook,matt-scaysbrook,5f762516f490f5eca3d63977,625ec0b3ffbcb1aa055305fb,Tue Apr 19 2022 14:01:23 GMT+0000 (Coordinated Universal Time),Fri Dec 30 2022 22:19:25 GMT+0000 (Coordinated Universal Time),Fri Dec 30 2022 22:19:25 GMT+0000 (Coordinated Universal Time),false,podcast-guest,false,WeTeachCRO,https://www.weteachcro.com/,Director of Optimisation,https://uploads-ssl.webflow.com/5be066740487be149c23be72/625ec0a55d0a7d5cf0967b25_matt.jpg,,,https://www.linkedin.com/in/mattscaysbrook/,false,
Shiva Manjunath,shiva-manjunath,5f762516f490f5eca3d63977,625eb8c3fbee5725b2afaf05,Tue Apr 19 2022 13:27:31 GMT+0000 (Coordinated Universal Time),Fri Dec 30 2022 16:56:24 GMT+0000 (Coordinated Universal Time),Fri Dec 30 2022 16:56:24 GMT+0000 (Coordinated Universal Time),false,podcast-guest,false,Speero,https://speero.com/,Senior Strategist,https://uploads-ssl.webflow.com/5be066740487be149c23be72/63af18340e332a1744a1b5bf_1637695558849.jpeg,,,,false,
Juliana Jackson,juliana-jackson,5f762516f490f5eca3d63977,60e20b57aff6163ef3318f83,Sun Jul 04 2021 19:26:15 GMT+0000 (Coordinated Universal Time),Fri Dec 30 2022 13:20:09 GMT+0000 (Coordinated Universal Time),Fri Dec 30 2022 13:20:09 GMT+0000 (Coordinated Universal Time),true,podcast-guest,false,Media.Monks,https://media.monks.com/,Digital analytics architect ,https://uploads-ssl.webflow.com/5be066740487be149c23be72/60e20b13cfd884f87347f549_4187e42b498ece8d7b9b5b3a4a9b5937.jpeg,https://juliana-jackson.com/,https://twitter.com/theclvlady,https://www.linkedin.com/in/theclvlady,false,
Colin Crowell,colin-crowell,5f762516f490f5eca3d63977,63ada067910c70a412b74ea7,Thu Dec 29 2022 14:12:55 GMT+0000 (Coordinated Universal Time),Thu Dec 29 2022 14:12:55 GMT+0000 (Coordinated Universal Time),Thu Dec 29 2022 14:12:55 GMT+0000 (Coordinated Universal Time),false,podcast-guest,false,Kameleoon,https://www.kameleoon.com/,Senior Director,https://uploads-ssl.webflow.com/5be066740487be149c23be72/63ada054cee58c5d70019568_IKr9lPdV_400x400.jpg,,,https://ca.linkedin.com/in/collincrowell,false,
Eliza Mukherjee,eliza-mukherjee,5f762516f490f5eca3d63977,625ea9f559cbe51ee1547b6d,Tue Apr 19 2022 12:24:21 GMT+0000 (Coordinated Universal Time),Fri Apr 22 2022 14:55:19 GMT+0000 (Coordinated Universal Time),Fri Apr 22 2022 14:55:19 GMT+0000 (Coordinated Universal Time),true,podcast-guest,false,iQuanti,https://www.iquanti.com/,Lead Analyst,https://uploads-ssl.webflow.com/5be066740487be149c23be72/625ea975db7c23c749a3ca58_eliza.jpg,,,https://www.linkedin.com/in/eliza-mukherjee-3a9129a2,false,
Gerda Vogt-Thomas,gerda-vogt-thomas,5f762516f490f5eca3d63977,625ebd202e2ad3b2453daa64,Tue Apr 19 2022 13:46:08 GMT+0000 (Coordinated Universal Time),Tue Apr 19 2022 13:46:08 GMT+0000 (Coordinated Universal Time),Tue Apr 19 2022 13:46:08 GMT+0000 (Coordinated Universal Time),true,podcast-guest,false,Koalatative,https://koalatative.com/,CRO & Content/Co-Founder,https://uploads-ssl.webflow.com/5be066740487be149c23be72/625ebd1260fb3b408c81e001_gerda.jpg,,,https://www.linkedin.com/in/gerda-vogt-thomas/,false,
Alun  Lucas,alun-lucas,5f762516f490f5eca3d63977,62595356bb7a9281b9fc4ff6,Fri Apr 15 2022 11:13:26 GMT+0000 (Coordinated Universal Time),Fri Apr 15 2022 11:13:26 GMT+0000 (Coordinated Universal Time),Fri Apr 15 2022 11:13:26 GMT+0000 (Coordinated Universal Time),false,podcast-guest,false,Zuko Analytics,https://www.zuko.io/,Managing Director,https://uploads-ssl.webflow.com/5be066740487be149c23be72/625952f3bb7a92e43ffc4d37_Alun-Lucas-e1625135402559.jpg,,,https://www.linkedin.com/in/alun-lucas-zuko-analytics/,false,
Arnout van Scherpenzeel,arnout-van-scherpenzeel,5f762516f490f5eca3d63977,61c4ff3af164123e55c219eb,Thu Dec 23 2021 22:59:06 GMT+0000 (Coordinated Universal Time),Thu Dec 23 2021 22:59:06 GMT+0000 (Coordinated Universal Time),Thu Dec 23 2021 22:59:06 GMT+0000 (Coordinated Universal Time),false,podcast-guest,false,MijnDomein,https://www.mijndomein.nl/,CXO Lead,https://uploads-ssl.webflow.com/5be066740487be149c23be72/61c4ff229ce77ebec5d7641e_1574435364440.jpg,,,https://www.linkedin.com/in/avanscherpenzeel/,false,
Annemarie Klaassen,annemarie-klaassen,5f762516f490f5eca3d63977,5f762516f490f50344d63b40,Tue Sep 10 2019 14:04:19 GMT+0000 (Coordinated Universal Time),Thu Dec 23 2021 22:57:51 GMT+0000 (Coordinated Universal Time),Thu Dec 23 2021 22:57:51 GMT+0000 (Coordinated Universal Time),true,podcast-guest,false,VodafoneZiggo,https://www.vodafoneziggo.nl/,Senior CRO Specialist & Analyst ,https://uploads-ssl.webflow.com/5be066740487be149c23be72/5f69fd0a7232f9c9ff545bc5_5d77ad3d601a2e1f5becdbe2_annemarie.jpg,,https://twitter.com/am_klaassen,https://nl.linkedin.com/in/annemarie-klaassen-4a55a310,false,
Els Aerts,els-aerts,5f762516f490f5eca3d63977,5f762516f490f51a8fd63bd7,Wed Mar 25 2020 20:07:44 GMT+0000 (Coordinated Universal Time),Thu Dec 23 2021 22:56:52 GMT+0000 (Coordinated Universal Time),Thu Dec 23 2021 22:57:22 GMT+0000 (Coordinated Universal Time),true,podcast-guest; book-author,true,AGConsult,https://www.agconsult.com/nl/,The 'A' from AGConsult,https://uploads-ssl.webflow.com/5be066740487be149c23be72/5f68ce83401f93555fdfc584_5e7bc169a627bcacdb390138_Els_0be59f146d7241dac208e3419f9e71d3.jpg,,https://twitter.com/els_aerts,https://be.linkedin.com/in/elsaertswebusability,,
Robin Leenders,robin-leenders,5f762516f490f5eca3d63977,61c4fe088ba6323ab112d153,Thu Dec 23 2021 22:54:00 GMT+0000 (Coordinated Universal Time),Thu Dec 23 2021 22:54:07 GMT+0000 (Coordinated Universal Time),Thu Dec 23 2021 22:57:22 GMT+0000 (Coordinated Universal Time),false,podcast-guest,false,VvAA,https://www.vvaa.nl/,Product Owner,https://uploads-ssl.webflow.com/5be066740487be149c23be72/61c4fdfddf11e2ce9d07fe73_1549627007231.jpg,,,https://www.linkedin.com/in/robinleenders/,false,
Oscar Nogueras,oscar-nogueras,5f762516f490f5eca3d63977,61c1ee36944a54e0fb6b2a44,Tue Dec 21 2021 15:09:42 GMT+0000 (Coordinated Universal Time),Thu Dec 23 2021 22:54:14 GMT+0000 (Coordinated Universal Time),Thu Dec 23 2021 22:57:22 GMT+0000 (Coordinated Universal Time),false,podcast-guest,false,Ontranslation,https://ontranslation.es/en/,CEO & Lecturer,https://uploads-ssl.webflow.com/5be066740487be149c23be72/61c1edfc5295bb1256769625_1580129176905.jpg,,https://twitter.com/oscarnogueras,https://www.linkedin.com/in/oscarnogueras/,false,
Tim Stewart,tim-stewart,5f762516f490f5eca3d63977,61c4fe8214461941126505f0,Thu Dec 23 2021 22:56:02 GMT+0000 (Coordinated Universal Time),Thu Dec 23 2021 22:56:02 GMT+0000 (Coordinated Universal Time),Thu Dec 23 2021 22:56:02 GMT+0000 (Coordinated Universal Time),false,podcast-guest,true,trsdigital,https://trsdigital.com/,Digital consultant / Owner,https://uploads-ssl.webflow.com/5be066740487be149c23be72/61c4fe441446196fee650548_1589898160561.jpg,,https://twitter.com/pjeedai,https://www.linkedin.com/in/timstewart/,false,
Maaike Wittebrood,maaike-wittebrood,5f762516f490f5eca3d63977,61c4fdd4f8220d2075c7dd66,Thu Dec 23 2021 22:53:08 GMT+0000 (Coordinated Universal Time),Thu Dec 23 2021 22:53:08 GMT+0000 (Coordinated Universal Time),Thu Dec 23 2021 22:53:08 GMT+0000 (Coordinated Universal Time),true,podcast-guest,false,VvAA,https://www.vvaa.nl/,Online Marketeer,https://uploads-ssl.webflow.com/5be066740487be149c23be72/61c4fdb2a2303036a2ea16eb_1542788598817.jpg,,,https://www.linkedin.com/in/maaike-wittebrood-b4a77a49/,false,
Gerk Mulder,gerk-mulder,5f762516f490f5eca3d63977,61c4fd7d4db7343bb6143b3d,Thu Dec 23 2021 22:51:41 GMT+0000 (Coordinated Universal Time),Thu Dec 23 2021 22:51:41 GMT+0000 (Coordinated Universal Time),Thu Dec 23 2021 22:51:41 GMT+0000 (Coordinated Universal Time),false,podcast-guest,false,Briljante Geesten,https://www.briljantegeesten.nl/,SEO & marketing specialist / Owner,https://uploads-ssl.webflow.com/5be066740487be149c23be72/61c4fd77d8e196b6b81f4674_1615552374201.jpg,,,https://www.linkedin.com/in/gerkmulder/,false,
Rianne van de Rijt,rianne-van-de-rijt,5f762516f490f5eca3d63977,61c4fce5df11e206e707eebe,Thu Dec 23 2021 22:49:09 GMT+0000 (Coordinated Universal Time),Thu Dec 23 2021 22:49:09 GMT+0000 (Coordinated Universal Time),Thu Dec 23 2021 22:49:09 GMT+0000 (Coordinated Universal Time),true,podcast-guest,false,Luxottica Group,https://www.luxottica.com/en,UX Designer & Researcher,https://uploads-ssl.webflow.com/5be066740487be149c23be72/61c4fc989ca456a52b866e8a_1622712745165.jpg,https://www.rahm.nl/,,https://www.linkedin.com/in/riannevanderijt/,false,
Karl Gilis,karl-gilis,5f762516f490f5eca3d63977,5f762516f490f5d759d63aa5,Sun Apr 14 2019 15:34:25 GMT+0000 (Coordinated Universal Time),Thu Dec 23 2021 22:37:14 GMT+0000 (Coordinated Universal Time),Thu Dec 23 2021 22:37:14 GMT+0000 (Coordinated Universal Time),,book-author; podcast-guest,true,AGConsult,https://www.agconsult.com/nl/,The 'G' of AGconsult,https://uploads-ssl.webflow.com/5be066740487be149c23be72/5f6a5ee7e556dfe9c498b5a9_5f68ce6ac22e811c72b66ba6_kalrgillis-min.jpg,,https://twitter.com/agconsult,https://be.linkedin.com/in/webusability,,
Simon Vreeman,simon-vreeman,5f762516f490f5eca3d63977,5f762516f490f5c1fed63b1d,Fri Jul 12 2019 06:44:50 GMT+0000 (Coordinated Universal Time),Thu Dec 23 2021 22:36:38 GMT+0000 (Coordinated Universal Time),Thu Dec 23 2021 22:36:38 GMT+0000 (Coordinated Universal Time),,podcast-guest,,VanMoof,https://www.vanmoof.com/en_nl/,Growth Marketing Manager,https://uploads-ssl.webflow.com/5be066740487be149c23be72/5f69fcfe9a980402ef1d2ec6_5d282c3314c23da499ca98ef_simon-vreeman.jpg,https://vreeman.com/,https://twitter.com/vreeman,https://www.linkedin.com/in/simonvreeman/,,
Ricardo Tayar López,ricardo-tayar-lopez,5f762516f490f5eca3d63977,5f762516f490f538d2d63c93,Mon Sep 21 2020 20:25:57 GMT+0000 (Coordinated Universal Time),Tue Dec 21 2021 16:23:09 GMT+0000 (Coordinated Universal Time),Tue Dec 21 2021 16:23:09 GMT+0000 (Coordinated Universal Time),,podcast-guest,,Flat 101,https://www.flat101.es/,"Host CRO.CAFE Spain, CEO & Founder",https://uploads-ssl.webflow.com/5be066740487be149c23be72/604bf9f606f636d9b52f85d4_ricardo.jpeg,https://ricardotayar.com/,https://twitter.com/rtayar,https://www.linkedin.com/in/ricardotayar/,false,
Rich Page,rich-page,5f762516f490f5eca3d63977,61c1dbdf81e93399ea52caff,Tue Dec 21 2021 13:51:27 GMT+0000 (Coordinated Universal Time),Tue Dec 21 2021 13:51:27 GMT+0000 (Coordinated Universal Time),Tue Dec 21 2021 13:51:27 GMT+0000 (Coordinated Universal Time),false,podcast-guest,false,Rich Page,https://www.rich-page.com/,CRO Expert,https://uploads-ssl.webflow.com/5be066740487be149c23be72/61c1db8acd182f186585337f_rich-outside-headshot.jpg,,https://twitter.com/richpage,https://www.linkedin.com/in/richpagecro/,false,
Eden Bidani,eden-bidani,5f762516f490f5eca3d63977,602d84a9b9ba3c50f3bd146e,Wed Feb 17 2021 21:03:37 GMT+0000 (Coordinated Universal Time),Tue Sep 14 2021 15:03:02 GMT+0000 (Coordinated Universal Time),Tue Sep 14 2021 15:03:02 GMT+0000 (Coordinated Universal Time),true,podcast-guest,false,Green Ligth Copy,https://greenlightcopy.com/,Conversion Copywriter,https://uploads-ssl.webflow.com/5be066740487be149c23be72/604bf95a2dd1421d2ab331e5_Eden-bidani.jpeg,,,https://www.linkedin.com/in/edenbidani/?originalSubdomain=il,false,
Andrea Romano Velandia,andrea-romano-velandia,5f762516f490f5eca3d63977,60e6c4dade5aca482a5889d4,Thu Jul 08 2021 09:26:50 GMT+0000 (Coordinated Universal Time),Thu Jul 08 2021 09:45:23 GMT+0000 (Coordinated Universal Time),Thu Jul 08 2021 09:45:23 GMT+0000 (Coordinated Universal Time),true,podcast-guest,false,Flat101,https://www.flat101.com/,Business Development Manager,https://uploads-ssl.webflow.com/5be066740487be149c23be72/60e6c47ff3a87948418da033_1517270502368.jpg,,,https://www.linkedin.com/in/andrea-romano-v/,false,
Rishi Rawat,rishi-rawat,5f762516f490f5eca3d63977,602d82454c150c98ef1f8357,Wed Feb 17 2021 20:53:25 GMT+0000 (Coordinated Universal Time),Mon Jul 05 2021 20:39:26 GMT+0000 (Coordinated Universal Time),Mon Jul 05 2021 20:39:26 GMT+0000 (Coordinated Universal Time),false,podcast-guest,false,Frictionless Commerce,https://www.frictionless-commerce.com/,"eCommerce Marketing, Buyer Psychology",https://uploads-ssl.webflow.com/5be066740487be149c23be72/604bf96433bbb65c0792de87_rishi.jpeg,,https://twitter.com/BetterRetail,https://www.linkedin.com/in/rawatrishi/,false,
Jeremy Horowitz,jeremy-horowitz,5f762516f490f5eca3d63977,5f762516f490f55f52d63c9b,Tue Sep 22 2020 18:10:36 GMT+0000 (Coordinated Universal Time),Sun Jul 04 2021 12:59:44 GMT+0000 (Coordinated Universal Time),Sun Jul 04 2021 12:59:44 GMT+0000 (Coordinated Universal Time),,podcast-guest,,Daasity,https://www.daasity.com/,Dir. of Marketing,https://uploads-ssl.webflow.com/5be066740487be149c23be72/60cda8c07d6b220e7a017236_1583872153144.jpg,https://www.jeremychorowitz.com/,,https://www.linkedin.com/in/jeremyhorowitz1/,false,
Iqbal Ali,iqbal-ali,5f762516f490f5eca3d63977,60d04d71ae9f4e114dba44fd,Mon Jun 21 2021 08:27:29 GMT+0000 (Coordinated Universal Time),Mon Jun 21 2021 08:27:29 GMT+0000 (Coordinated Universal Time),Mon Jun 21 2021 08:27:29 GMT+0000 (Coordinated Universal Time),false,podcast-guest,false,Mild Frenzy Ltd,,"CRO designer, developer and consultant",https://uploads-ssl.webflow.com/5be066740487be149c23be72/60d04d65195f0e73ed77d044_iqbal.jpg,https://iqbalali.medium.com/,https://twitter.com/iqbalacomics,https://www.linkedin.com/in/iqbalhussainali/,false,
Ton Wesseling,ton-wesseling,5f762516f490f5eca3d63977,5f762516f490f5ea61d63a93,Sat Apr 06 2019 11:22:59 GMT+0000 (Coordinated Universal Time),Tue May 04 2021 10:46:49 GMT+0000 (Coordinated Universal Time),Sat Jun 19 2021 08:29:42 GMT+0000 (Coordinated Universal Time),,podcast-guest,true,Online Dialogue,https://onlinedialogue.nl/,Partner,https://uploads-ssl.webflow.com/5be066740487be149c23be72/604bfde2cb9e046ac7baddd9_ton-wesseling.jpeg,https://tonw.com/,http://twitter.com/tonw,http://www.linkedin.com/in/tonwesseling,,
Aleksander Fabijan,aleksander-fabijan,5f762516f490f5eca3d63977,602d80c796ac239c21771b8e,Wed Feb 17 2021 20:47:03 GMT+0000 (Coordinated Universal Time),Sat Jun 19 2021 08:28:57 GMT+0000 (Coordinated Universal Time),Sat Jun 19 2021 08:28:57 GMT+0000 (Coordinated Universal Time),false,podcast-guest,false,Microsoft ExP,https://exp-platform.com/,Data Scientist,https://uploads-ssl.webflow.com/5be066740487be149c23be72/604bf96fbe4a5f96001687a1_CH2018_Aleksander_Fabijan.jpeg,,,https://www.linkedin.com/in/afabijan/,false,
Tawab Jabar,tawab-jabar,5f762516f490f5eca3d63977,602d833ca5aefabeca5d184e,Wed Feb 17 2021 20:57:32 GMT+0000 (Coordinated Universal Time),Sat Jun 19 2021 08:28:48 GMT+0000 (Coordinated Universal Time),Sat Jun 19 2021 08:28:48 GMT+0000 (Coordinated Universal Time),false,podcast-guest,false,Audio-Nerd Music,https://africori.to/stoopid,Growth Hacker & Strategist,https://uploads-ssl.webflow.com/5be066740487be149c23be72/604bf95f6a79dda30650cac3_tawab.jpeg,,,https://www.linkedin.com/in/tawabjabar,false,
Abi Hough,abi-hough,5f762516f490f5eca3d63977,5f762516f490f545eed63c9a,Tue Sep 22 2020 18:04:05 GMT+0000 (Coordinated Universal Time),Sat Jun 19 2021 08:28:34 GMT+0000 (Coordinated Universal Time),Sat Jun 19 2021 08:28:34 GMT+0000 (Coordinated Universal Time),true,podcast-guest,,UU3 Ltd,https://www.uu3.co.uk/,"CRO, User Research, Heuristic Analysis & QA",https://uploads-ssl.webflow.com/5be066740487be149c23be72/604bf9d43571927c1c6a33e3_abihough.jpeg,,https://twitter.com/wtf_ux,https://www.linkedin.com/in/abihough/,false,
 Alex Muñoz,alex-munoz,5f762516f490f5eca3d63977,602d815c8368554157b4788f,Wed Feb 17 2021 20:49:32 GMT+0000 (Coordinated Universal Time),Sat Jun 19 2021 08:28:14 GMT+0000 (Coordinated Universal Time),Sat Jun 19 2021 08:28:14 GMT+0000 (Coordinated Universal Time),false,podcast-guest,false,former Booking.com,,UX Designer,https://uploads-ssl.webflow.com/5be066740487be149c23be72/604bf9691a79dd35117dba06_munoz.jpeg,,https://twitter.com/itsalexmunoz,https://www.linkedin.com/in/alexmunozmunoz,false,
Erwin Kerk,erwin-kerk,5f762516f490f5eca3d63977,5f762516f490f5961dd63bbe,Sat Feb 15 2020 22:03:48 GMT+0000 (Coordinated Universal Time),Mon Apr 26 2021 11:32:32 GMT+0000 (Coordinated Universal Time),Mon Apr 26 2021 11:32:32 GMT+0000 (Coordinated Universal Time),,podcast-guest,,SiteSpect,https://www.sitespect.com/,Senior Consultant,https://uploads-ssl.webflow.com/5be066740487be149c23be72/5f6a4b78cdfd72625be05dfe_erwinkerk.png,,https://twitter.com/erwinkerk,https://www.linkedin.com/in/erwinkerk/,,
Abbey Schoenberg,abbey-schoenberg,5f762516f490f5eca3d63977,6006134588049e63186f38bf,Mon Jan 18 2021 23:01:25 GMT+0000 (Coordinated Universal Time),Tue Apr 20 2021 14:12:52 GMT+0000 (Coordinated Universal Time),Tue Apr 20 2021 14:20:32 GMT+0000 (Coordinated Universal Time),true,podcast-guest,false,Fancy,,Director of Marketing,https://uploads-ssl.webflow.com/5be066740487be149c23be72/604bf97590b0b362eb9e2e9b_6006133cc399243b2ccafd5d_abbey.png,,,https://www.linkedin.com/in/abbeyramge/,false,
Daniël Markus,daniel-markus,5f762516f490f5eca3d63977,5f762516f490f567c0d63a56,Thu Mar 07 2019 11:06:53 GMT+0000 (Coordinated Universal Time),Fri Mar 12 2021 23:50:12 GMT+0000 (Coordinated Universal Time),Fri Mar 12 2021 23:50:12 GMT+0000 (Coordinated Universal Time),,book-author; podcast-guest,,Clickvalue,https://clickvalue.nl/,Founder/Director,https://uploads-ssl.webflow.com/5be066740487be149c23be72/604bfe33b6adc86a9a8cda32_Daniel-Markus.jpeg,,,https://www.linkedin.com/in/danielmarkus,false,
Ruben de Boer,ruben-de-boer,5f762516f490f5eca3d63977,5f762516f490f53c97d63a7b,Mon Mar 11 2019 19:23:14 GMT+0000 (Coordinated Universal Time),Fri Mar 12 2021 23:49:17 GMT+0000 (Coordinated Universal Time),Fri Mar 12 2021 23:49:17 GMT+0000 (Coordinated Universal Time),,podcast-guest,,Online Dialogue,https://onlinedialogue.com/,Conversion optimization manager,https://uploads-ssl.webflow.com/5be066740487be149c23be72/604bfdfdaf3e84f430b1b53e_5c89336c7c1da1f1e49aef28_Rubendeboar.jpeg,,https://twitter.com/iamrubenboer,https://www.linkedin.com/in/rgdeboer,,
Bart Schutz,bart-schutz,5f762516f490f5eca3d63977,5f762516f490f57f1ad63a83,Tue Mar 12 2019 12:55:46 GMT+0000 (Coordinated Universal Time),Fri Mar 12 2021 23:49:06 GMT+0000 (Coordinated Universal Time),Fri Mar 12 2021 23:49:06 GMT+0000 (Coordinated Universal Time),,podcast-guest,true,Online Dialogue,https://onlinedialogue.nl/,Consumer Psychologist,https://uploads-ssl.webflow.com/5be066740487be149c23be72/604bfdf2eca86646285b263e_bartschutz.jpeg,,https://twitter.com/barts,https://linkedin.com/in/bartschutz,false,
Tom van den Berg,tom-van-den-berg,5f762516f490f5eca3d63977,5f762516f490f53abdd63a84,Wed Mar 13 2019 09:19:00 GMT+0000 (Coordinated Universal Time),Fri Mar 12 2021 23:49:00 GMT+0000 (Coordinated Universal Time),Fri Mar 12 2021 23:49:00 GMT+0000 (Coordinated Universal Time),,podcast-guest,,Online Dialogue,https://onlinedialogue.nl,Conversion manager,https://uploads-ssl.webflow.com/5be066740487be149c23be72/604bfdec121eb9e0d4e7e392_5f69fbc97103471c5a1391bd_tomvdberg_66fc2839a60ec81c47be616723a3af5d.jpeg,,https://twitter.com/TomvdBerg1,https://www.linkedin.com/in/vandenbergtom,,
Bart van der Meer,bart-van-der-meer,5f762516f490f5eca3d63977,5f762516f490f512c3d63a9a,Sun Apr 14 2019 15:49:20 GMT+0000 (Coordinated Universal Time),Fri Mar 12 2021 23:48:15 GMT+0000 (Coordinated Universal Time),Fri Mar 12 2021 23:48:15 GMT+0000 (Coordinated Universal Time),,podcast-guest,,Klik Process,https://klikproces.nl/,Owner,https://uploads-ssl.webflow.com/5be066740487be149c23be72/604bfdbe4d4664c02edbcc18_5cb3565537cbae1de50868fd_bartvdmeer.jpeg,,,https://nl.linkedin.com/in/bart-van-der-meer-6b561918,false,
Maurice Beerthuyzen,maurice-beerthuyzen,5f762516f490f5eca3d63977,5f762516f490f54cd9d63b2e,Tue Aug 13 2019 21:28:59 GMT+0000 (Coordinated Universal Time),Fri Mar 12 2021 23:45:57 GMT+0000 (Coordinated Universal Time),Fri Mar 12 2021 23:45:57 GMT+0000 (Coordinated Universal Time),,podcast-guest,,Nummer Negen,https://www.nummernegen.nl/,Owner & Online Optimizer,https://uploads-ssl.webflow.com/5be066740487be149c23be72/604bfd34ae9e4c73b96718f6_5f69fcd19e8e95835f81ea39_5d532b9729b8f719cf996deb__f2397565af180b362c4f7142b4938781.jpeg,,https://twitter.com/maurisico,https://nl.linkedin.com/in/mauricebeerthuyzen,false,
Marta Florentyna Saratowicz,marta-florentyna-saratowicz,5f762516f490f5eca3d63977,5f762516f490f52390d63b3a,Tue Sep 10 2019 08:25:21 GMT+0000 (Coordinated Universal Time),Fri Mar 12 2021 23:45:25 GMT+0000 (Coordinated Universal Time),Fri Mar 12 2021 23:45:25 GMT+0000 (Coordinated Universal Time),true,podcast-guest,false,Resolution Media,https://www.resolutionmedia.com/,Web Analytics Manager,https://uploads-ssl.webflow.com/5be066740487be149c23be72/604bfd15cb9e046f70ba5e9a_Marta-Florentyna-Saratowicz-288x300.png,,,https://www.linkedin.com/in/marta-florentyna-saratowicz/,false,
Weiwei Liu-Schröder,weiwei-liu-schroder,5f762516f490f5eca3d63977,5f762516f490f590fdd63b3e,Tue Sep 10 2019 09:08:12 GMT+0000 (Coordinated Universal Time),Fri Mar 12 2021 23:45:05 GMT+0000 (Coordinated Universal Time),Fri Mar 12 2021 23:45:05 GMT+0000 (Coordinated Universal Time),true,podcast-guest,true,Google,https://google.com,Google Analytics 360 solutions engineer,https://uploads-ssl.webflow.com/5be066740487be149c23be72/604bfd0195f3042d47202831_Weiwei_Speaker-zw-d185c961.jpeg,,,https://www.linkedin.com/in/weiwei-liu-schr%C3%B6der-4b417936/,false,
Andre Morys,andre-morys,5f762516f490f5eca3d63977,5f762516f490f51693d63b42,Wed Sep 11 2019 12:50:27 GMT+0000 (Coordinated Universal Time),Fri Mar 12 2021 23:44:44 GMT+0000 (Coordinated Universal Time),Fri Mar 12 2021 23:44:44 GMT+0000 (Coordinated Universal Time),,podcast-guest,true,konversionsKRAFT,https://www.konversionskraft.de/,Founder & CEO,https://uploads-ssl.webflow.com/5be066740487be149c23be72/604bfcec9f819728497c931f_andre-morys-konversionskraft-1170x943.jpeg,,https://twitter.com/morys,https://www.linkedin.com/in/andremorys/,false,
Krista Seiden,krista-seiden,5f762516f490f5eca3d63977,5f762516f490f55d58d63b4c,Thu Oct 10 2019 11:06:49 GMT+0000 (Coordinated Universal Time),Fri Mar 12 2021 23:44:28 GMT+0000 (Coordinated Universal Time),Fri Mar 12 2021 23:44:28 GMT+0000 (Coordinated Universal Time),true,podcast-guest,true,KS Digital,https://www.kristaseiden.com/,Digital Analytics expert,https://uploads-ssl.webflow.com/5be066740487be149c23be72/604bfcdccf07a43977ca059d_5d9f10349a3ac63db80f168f_kristaseiden.jpeg,https://www.kristaseiden.com/,https://twitter.com/kristaseiden,https://www.linkedin.com/in/kristaseiden/,false,
Prolet Miteva,prolet-miteva,5f762516f490f5eca3d63977,5f762516f490f55cc2d63b4b,Thu Oct 10 2019 11:08:52 GMT+0000 (Coordinated Universal Time),Fri Mar 12 2021 23:44:24 GMT+0000 (Coordinated Universal Time),Fri Mar 12 2021 23:44:24 GMT+0000 (Coordinated Universal Time),true,podcast-guest,,Autodesk,https://www.autodesk.com/,DIgital Analytics Leader,https://uploads-ssl.webflow.com/5be066740487be149c23be72/604bfcd77712d4762bb5fbb4_prolet.jpeg,,https://twitter.com/proletm,https://www.linkedin.com/in/prolet/,false,
Aurelie Pols,aurelie-pols,5f762516f490f5eca3d63977,5f762516f490f51b27d63b5a,Mon Dec 02 2019 18:52:16 GMT+0000 (Coordinated Universal Time),Fri Mar 12 2021 23:44:03 GMT+0000 (Coordinated Universal Time),Fri Mar 12 2021 23:44:03 GMT+0000 (Coordinated Universal Time),true,podcast-guest,true,Independent,,"Data Protection Officer, Privacy Engineer, and Data Scientist",https://uploads-ssl.webflow.com/5be066740487be149c23be72/604bfcc39df9421ce0212220_5de55c73f8e711d0b83ae3e3_aurelie-pols.jpeg,https://about.me/aureliepols,https://twitter.com/aureliepols,https://www.linkedin.com/in/aureliepols/,false,
Rick Dronkers,rick-dronkers,5f762516f490f5eca3d63977,5f762516f490f55a1ed63b5b,Mon Dec 02 2019 18:54:59 GMT+0000 (Coordinated Universal Time),Fri Mar 12 2021 23:43:57 GMT+0000 (Coordinated Universal Time),Fri Mar 12 2021 23:43:57 GMT+0000 (Coordinated Universal Time),,podcast-guest,,rickdronkers.com,https://rickdronkers.com/,Consultant in Marketing & Analytics,https://uploads-ssl.webflow.com/5be066740487be149c23be72/604bfcbdb4981255551734f9_rick-dronkers.jpeg,,https://twitter.com/rickdronkers,https://www.linkedin.com/in/rickdronkers/,false,
Lukas Vermeer,lukas-vermeer,5f762516f490f5eca3d63977,5f762516f490f5f1ead63b5d,Mon Dec 02 2019 21:26:43 GMT+0000 (Coordinated Universal Time),Fri Mar 12 2021 23:43:52 GMT+0000 (Coordinated Universal Time),Fri Mar 12 2021 23:43:52 GMT+0000 (Coordinated Universal Time),,podcast-guest,true,Booking.com,https://www.booking.com,Director of Experimentation,https://uploads-ssl.webflow.com/5be066740487be149c23be72/604bfcb7eca866596a59734f_5f68de817aca45296bbb78f1_5de5816c37090fb991ad7c30__e0ed1bf17276e7b95125d4e93a9d16a1.jpeg,https://lukasvermeer.github.io/,https://twitter.com/lukasvermeer,https://www.linkedin.com/in/lukasvermeer,false,the-norm-chronicles
Charles Meaden,charles-meaden,5f762516f490f5eca3d63977,5f762516f490f5857cd63b5f,Mon Dec 02 2019 21:28:59 GMT+0000 (Coordinated Universal Time),Fri Mar 12 2021 23:43:45 GMT+0000 (Coordinated Universal Time),Fri Mar 12 2021 23:43:45 GMT+0000 (Coordinated Universal Time),,podcast-guest,,Digital Nation,https://digitalnation.co.uk/,Founder,https://uploads-ssl.webflow.com/5be066740487be149c23be72/604bfcb1b0713746971f344e_Charles_Meaden.jpeg,,https://twitter.com/charlesmeaden,https://www.linkedin.com/in/charlesmeaden/,false,
Niels Reijmer,niels-reijmer,5f762516f490f5eca3d63977,5f762516f490f576c8d63b5e,Mon Dec 02 2019 21:33:17 GMT+0000 (Coordinated Universal Time),Fri Mar 12 2021 23:43:41 GMT+0000 (Coordinated Universal Time),Fri Mar 12 2021 23:43:41 GMT+0000 (Coordinated Universal Time),,podcast-guest,,The Data Story,http://thedatastory.nl/,Co-Owner and Data Consultant,https://uploads-ssl.webflow.com/5be066740487be149c23be72/604bfcad5df48e6bcec57489_5de582fed82fca686ff8d2bc_niels-reijmer_3a13b5ee11e11336fc7dc48bf6edb2c1.png,,,https://www.linkedin.com/in/nielsreijmer/,false,
Stephen Pavlovich,stephen-pavlovich,5f762516f490f5eca3d63977,5f762516f490f50168d63b60,Mon Dec 02 2019 21:35:46 GMT+0000 (Coordinated Universal Time),Fri Mar 12 2021 23:43:36 GMT+0000 (Coordinated Universal Time),Fri Mar 12 2021 23:43:36 GMT+0000 (Coordinated Universal Time),,podcast-guest,true,Conversion.com,https://conversion.com/,CEO,https://uploads-ssl.webflow.com/5be066740487be149c23be72/604bfca8d309243e5aaf9137_5f68decef8e27d423b4e386c_5de583a8b095a7579c24d2e3_Stephen-Pavlovich-262x272-min.jpeg,,https://twitter.com/pav,https://www.linkedin.com/in/stephenpavlovich/?originalSubdomain=uk,false,
Guy Yalif,guy-yalif,5f762516f490f5eca3d63977,5f762516f490f57159d63b61,Mon Dec 02 2019 21:38:12 GMT+0000 (Coordinated Universal Time),Fri Mar 12 2021 23:43:31 GMT+0000 (Coordinated Universal Time),Fri Mar 12 2021 23:43:31 GMT+0000 (Coordinated Universal Time),,podcast-guest,,Intellimize,https://www.intellimize.com/,CEO,https://uploads-ssl.webflow.com/5be066740487be149c23be72/604bfca395f3041ec91ffffc_5de5843e21eea7f972240083_guyyalif.jpeg,,https://twitter.com/gyalif?lang=en,https://www.linkedin.com/in/gyalif/,false,
Roger Dooley,roger-dooley,5f762516f490f5eca3d63977,5f762516f490f53ce8d63b62,Mon Dec 02 2019 21:44:01 GMT+0000 (Coordinated Universal Time),Fri Mar 12 2021 23:43:27 GMT+0000 (Coordinated Universal Time),Fri Mar 12 2021 23:43:27 GMT+0000 (Coordinated Universal Time),,podcast-guest; book-author,true,The Brainfluence Podcast,https://www.rogerdooley.com/category/podcast/,"Author, Keynote Speaker, Podcast Host",https://uploads-ssl.webflow.com/5be066740487be149c23be72/604bfc9e33bbb68dd396ffe5_roger-dooley.jpeg,https://www.rogerdooley.com/,https://twitter.com/rogerdooley,https://www.linkedin.com/in/dooley/,false,
Manuel Da Costa,manuel-da-costa,5f762516f490f5eca3d63977,5f762516f490f56835d63b7f,Thu Dec 05 2019 14:07:07 GMT+0000 (Coordinated Universal Time),Fri Mar 12 2021 23:42:34 GMT+0000 (Coordinated Universal Time),Fri Mar 12 2021 23:42:34 GMT+0000 (Coordinated Universal Time),,podcast-guest,,EffectiveExperiments,https://effectiveexperiments.com/,Experimentation Evangelist,https://uploads-ssl.webflow.com/5be066740487be149c23be72/604bfc6a9cdd160de734b5cb_5de90ea01db32aa830d7a38c_manuel.jpeg,,https://twitter.com/Digital_tonic,https://www.linkedin.com/in/manueldacosta/,,
Joaquim Bretcha,joaquim-bretcha,5f762516f490f5eca3d63977,5f762516f490f57c3ed63ba9,Thu Feb 06 2020 22:52:30 GMT+0000 (Coordinated Universal Time),Fri Mar 12 2021 23:40:29 GMT+0000 (Coordinated Universal Time),Fri Mar 12 2021 23:40:29 GMT+0000 (Coordinated Universal Time),,podcast-guest,,ESOMAR,https://www.esomar.org/,President,https://uploads-ssl.webflow.com/5be066740487be149c23be72/604bfbed0ed19990779a309f_5e3c985c260abe75e475aa13_jbretcha-800x800-1-min.jpeg,,https://twitter.com/jbretcha,https://www.linkedin.com/in/joaquimbretcha,,
Jon Puleston,jon-puleston,5f762516f490f5eca3d63977,5f762516f490f59d0dd63bb2,Thu Feb 06 2020 22:55:13 GMT+0000 (Coordinated Universal Time),Fri Mar 12 2021 23:40:25 GMT+0000 (Coordinated Universal Time),Fri Mar 12 2021 23:40:25 GMT+0000 (Coordinated Universal Time),,podcast-guest,true,Kantar,https://www.kantar.com/,VP Innovation ,https://uploads-ssl.webflow.com/5be066740487be149c23be72/604bfbe8b6adc811b08ba637_5e3c99386f2620816a346b10_jon.jpeg,,https://twitter.com/jonpuleston,https://www.linkedin.com/in/jonpuleston,false,
John Dawson ,john-dawson,5f762516f490f5eca3d63977,5f762516f490f51f64d63bb1,Thu Feb 06 2020 23:11:31 GMT+0000 (Coordinated Universal Time),Fri Mar 12 2021 23:40:10 GMT+0000 (Coordinated Universal Time),Fri Mar 12 2021 23:40:10 GMT+0000 (Coordinated Universal Time),,podcast-guest,,ScanmarQED,https://www.scanmarqed.com/,Managing Director,https://uploads-ssl.webflow.com/5be066740487be149c23be72/604bfbd94d46643991d96878_John-Linkedin.jpeg,,,https://www.linkedin.com/in/johnadawson/,,
Lucas Vos,lucas-vos,5f762516f490f5eca3d63977,5f762516f490f50ba3d63bb5,Fri Feb 07 2020 13:52:48 GMT+0000 (Coordinated Universal Time),Fri Mar 12 2021 23:40:04 GMT+0000 (Coordinated Universal Time),Fri Mar 12 2021 23:40:04 GMT+0000 (Coordinated Universal Time),,podcast-guest,true,RTL Nederland,https://www.rtl.nl/,Senior Conversion Specialist,https://uploads-ssl.webflow.com/5be066740487be149c23be72/604bfbd3dfcca5592c5063bb_lucasvos.jpeg,,https://twitter.com/lucasvos,https://www.linkedin.com/in/lucasfjvos/,,
Simo Ahava,simo-ahava,5f762516f490f5eca3d63977,5f762516f490f5d3ead63bb8,Sat Feb 15 2020 16:31:51 GMT+0000 (Coordinated Universal Time),Fri Mar 12 2021 23:39:58 GMT+0000 (Coordinated Universal Time),Fri Mar 12 2021 23:39:58 GMT+0000 (Coordinated Universal Time),,podcast-guest,true,8-bit-sheep,https://8-bit-sheep.com/,Sheep Analytics Officer,https://uploads-ssl.webflow.com/5be066740487be149c23be72/604bfbce87e3434955753b6e_simo.jpeg,https://www.simoahava.com/,https://twitter.com/SimoAhava,https://fi.linkedin.com/in/simoahava,,
Steen Rasmussen,steen-rasmussen,5f762516f490f5eca3d63977,5f762516f490f5ad7ed63bb9,Sat Feb 15 2020 16:34:43 GMT+0000 (Coordinated Universal Time),Fri Mar 12 2021 23:39:52 GMT+0000 (Coordinated Universal Time),Fri Mar 12 2021 23:39:52 GMT+0000 (Coordinated Universal Time),,podcast-guest,,IIH Nordic,https://iihnordic.com/,"Director of analysis, research and user motivation",https://uploads-ssl.webflow.com/5be066740487be149c23be72/604bfbc833bbb69c4c95dfe8_SteenRasmussen-min.jpeg,,https://twitter.com/strasm,https://www.linkedin.com/in/steenrasmussen,,
Sean Sheppard,sean-sheppard,5f762516f490f5eca3d63977,5f762516f490f57dd7d63be1,Sun Apr 19 2020 21:33:32 GMT+0000 (Coordinated Universal Time),Fri Mar 12 2021 23:38:19 GMT+0000 (Coordinated Universal Time),Fri Mar 12 2021 23:38:19 GMT+0000 (Coordinated Universal Time),,podcast-guest,true,GrowthX,https://growthx.com/,Founder,https://uploads-ssl.webflow.com/5be066740487be149c23be72/604bfb6b1a79dd85fa7e7302_5f68dd6e7ca0913760957580_5f68cc1e8258eb75984c90fb__50d3819fc3719fe0408873067f1e79f3.jpeg,,https://twitter.com/seanasheppard,https://www.linkedin.com/in/seansheppard/,,
Matt Beischel,matt-beischel,5f762516f490f5eca3d63977,5f762516f490f520d5d63be2,Sun Apr 19 2020 21:48:19 GMT+0000 (Coordinated Universal Time),Fri Mar 12 2021 23:38:14 GMT+0000 (Coordinated Universal Time),Fri Mar 12 2021 23:38:14 GMT+0000 (Coordinated Universal Time),,podcast-guest,,CorvusCRO,https://corvuscro.com/,Owner,https://uploads-ssl.webflow.com/5be066740487be149c23be72/604bfb66333c5948e2afe9e3_5e9cc6e1e014f955a3a78bce_Matt-Beischel-min.jpeg,,https://twitter.com/mjbeisch,https://www.linkedin.com/in/mattbeischel/,,
Bas Wouters,bas-wouters,5f762516f490f5eca3d63977,5f762516f490f5e344d63be8,Fri May 01 2020 13:16:00 GMT+0000 (Coordinated Universal Time),Fri Mar 12 2021 23:38:05 GMT+0000 (Coordinated Universal Time),Fri Mar 12 2021 23:38:05 GMT+0000 (Coordinated Universal Time),,book-author; podcast-guest,,Online Influence Institute,https://onlineinfluence.com/,Partner,https://uploads-ssl.webflow.com/5be066740487be149c23be72/604bfb5c7b3985cf293d69c4_5ed0f79e592a1fc611b533c0_Bas-Woiuters-min.jpeg,,,https://www.linkedin.com/in/bas-wouters-cmct-b50a9216/,false,
Raoul Doraiswamy,raoul-doraiswamy,5f762516f490f5eca3d63977,5f762516f490f53932d63c01,Sat May 02 2020 12:23:13 GMT+0000 (Coordinated Universal Time),Fri Mar 12 2021 23:38:00 GMT+0000 (Coordinated Universal Time),Fri Mar 12 2021 23:38:00 GMT+0000 (Coordinated Universal Time),,podcast-guest,,Conversionry,https://conversionry.com.au/,Founder & MD,https://uploads-ssl.webflow.com/5be066740487be149c23be72/604bfb5886d76736043be12c_raoul.jpeg,,https://twitter.com/raoulwarren,https://www.linkedin.com/in/raouldoraiswamy/,,
Marianne Stjernvall,marianne-stjernvall,5f762516f490f5eca3d63977,5f762516f490f54f70d63c04,Wed May 06 2020 07:58:46 GMT+0000 (Coordinated Universal Time),Fri Mar 12 2021 23:37:54 GMT+0000 (Coordinated Universal Time),Fri Mar 12 2021 23:37:54 GMT+0000 (Coordinated Universal Time),true,podcast-guest,,TUI Group,https://www.tuigroup.com,CRO Manager,https://uploads-ssl.webflow.com/5be066740487be149c23be72/604bfb52183191fe40578c59_5eb26e2242d8e18fce58ce88_marianne-scaled-min.jpeg,http://www.thequeenofcro.com,https://twitter.com/stjernvall,https://www.linkedin.com/in/marianne-stjernvall-%E2%99%A0%EF%B8%8F-04983680/,false,the-design-of-everyday-things
Johann van Tonder ,johann-van-tonder,5f762516f490f5eca3d63977,5f762516f490f515b8d63c0a,Thu May 07 2020 11:16:58 GMT+0000 (Coordinated Universal Time),Fri Mar 12 2021 23:37:49 GMT+0000 (Coordinated Universal Time),Fri Mar 12 2021 23:37:49 GMT+0000 (Coordinated Universal Time),,book-author,,AWA Digital,https://www.awa-digital.com/,COO,https://uploads-ssl.webflow.com/5be066740487be149c23be72/604bfb4d034cfae77a16a66f_iYmTmBIT_400x400.jpeg,,https://twitter.com/amaclickclick,https://www.linkedin.com/in/jvtonder/,,
Dan Croxen-John,dan-croxen-john,5f762516f490f5eca3d63977,5f762516f490f55d45d63c0b,Thu May 07 2020 11:21:39 GMT+0000 (Coordinated Universal Time),Fri Mar 12 2021 23:37:44 GMT+0000 (Coordinated Universal Time),Fri Mar 12 2021 23:37:44 GMT+0000 (Coordinated Universal Time),,book-author,,AWA Digital,https://www.awa-digital.com/,CEO,https://uploads-ssl.webflow.com/5be066740487be149c23be72/604bfb470f5a744293d4b25f_KX7ritqE_400x400.jpeg,,https://twitter.com/dancroxenjohn,https://www.linkedin.com/in/dancroxenjohn/,,
Martijn van Tongeren,martijn-van-tongeren,5f762516f490f5eca3d63977,5f762516f490f5f180d63c0c,Thu May 07 2020 11:27:20 GMT+0000 (Coordinated Universal Time),Fri Mar 12 2021 23:37:38 GMT+0000 (Coordinated Universal Time),Fri Mar 12 2021 23:37:38 GMT+0000 (Coordinated Universal Time),,book-author,,IMU BV,https://imu.nl,Eigenaar,https://uploads-ssl.webflow.com/5be066740487be149c23be72/604bfb41b6576a18805cfb46_martijn-van-tongeren-imu-event-450x450.png,https://martijnvantongeren.nl/,,https://www.linkedin.com/in/martijnvantongeren,,
Robert M. Sapolsky,robert-m-sapolsky,5f762516f490f5eca3d63977,5f762516f490f56c3fd63c0d,Thu May 07 2020 11:30:09 GMT+0000 (Coordinated Universal Time),Fri Mar 12 2021 23:37:31 GMT+0000 (Coordinated Universal Time),Fri Mar 12 2021 23:37:31 GMT+0000 (Coordinated Universal Time),,book-author,,Stanford University,https://www.stanford.edu/,Neuroendocrinologist,https://uploads-ssl.webflow.com/5be066740487be149c23be72/604bfb3acb0ba14614bcb727_avatar.jpeg,,,,,
Steve Krug,steve-krug,5f762516f490f5eca3d63977,5f762516f490f50791d63c0e,Thu May 07 2020 11:32:43 GMT+0000 (Coordinated Universal Time),Fri Mar 12 2021 23:37:24 GMT+0000 (Coordinated Universal Time),Fri Mar 12 2021 23:37:24 GMT+0000 (Coordinated Universal Time),,book-author,,Advanced Common Sense,http://www.sensible.com/,Consultant,https://uploads-ssl.webflow.com/5be066740487be149c23be72/604bfb34033eb05bd55bc0dd_headshot-Steve-Krug.jpeg,,https://twitter.com/skrug,,,
Stefan H. Thomke,stefan-h-thomke,5f762516f490f5eca3d63977,5f762516f490f51dced63c0f,Thu May 07 2020 11:38:31 GMT+0000 (Coordinated Universal Time),Fri Mar 12 2021 23:37:17 GMT+0000 (Coordinated Universal Time),Fri Mar 12 2021 23:37:17 GMT+0000 (Coordinated Universal Time),,book-author,,Harvard Business School,https://www.hbs.edu/,Professor of Business Administration,https://uploads-ssl.webflow.com/5be066740487be149c23be72/604bfb2d297acc0d47b9ef8e_thomke.png,,,https://www.linkedin.com/in/stefan-thomke-innovation/,,
Robert B. Cialdini,robert-b-cialdini,5f762516f490f5eca3d63977,5f762516f490f5570dd63c10,Thu May 07 2020 11:41:25 GMT+0000 (Coordinated Universal Time),Fri Mar 12 2021 23:37:10 GMT+0000 (Coordinated Universal Time),Fri Mar 12 2021 23:37:10 GMT+0000 (Coordinated Universal Time),,book-author,,Arizona State University,https://www.asu.edu/,Professor Emeritus of Psychology and Marketing,https://uploads-ssl.webflow.com/5be066740487be149c23be72/604bfb26acbd4d5cd3633cf4_cialdini.png,,https://twitter.com/RobertCialdini,,,
Peep Laja,peep-laja,5f762516f490f5eca3d63977,5f762516f490f5df8bd63c12,Thu May 07 2020 11:43:24 GMT+0000 (Coordinated Universal Time),Fri Mar 12 2021 23:37:02 GMT+0000 (Coordinated Universal Time),Fri Mar 12 2021 23:37:02 GMT+0000 (Coordinated Universal Time),,book-author; podcast-guest,true,CXL,https://cxl.com/,Founder and CEO,https://uploads-ssl.webflow.com/5be066740487be149c23be72/604bfb1e121eb99152e58ea0_peep.jpeg,,https://twitter.com/peeplaja,https://www.linkedin.com/in/peeplaja/,false,
Dan Ariely,dan-ariely,5f762516f490f5eca3d63977,5f762516f490f5b8a4d63c13,Thu May 07 2020 11:46:48 GMT+0000 (Coordinated Universal Time),Fri Mar 12 2021 23:36:58 GMT+0000 (Coordinated Universal Time),Fri Mar 12 2021 23:36:58 GMT+0000 (Coordinated Universal Time),,book-author,,Duke University,https://duke.edu/,Professor of Psychology and Behavioral Economics,https://uploads-ssl.webflow.com/5be066740487be149c23be72/604bfb19692e36681831edcb_danariely.jpeg,http://danariely.com/,https://twitter.com/danariely,https://www.linkedin.com/in/danariely/,,
Jason Fried,jason-fried,5f762516f490f5eca3d63977,5f762516f490f532ccd63c14,Thu May 07 2020 11:49:32 GMT+0000 (Coordinated Universal Time),Fri Mar 12 2021 23:36:50 GMT+0000 (Coordinated Universal Time),Fri Mar 12 2021 23:36:50 GMT+0000 (Coordinated Universal Time),,book-author,,Basecamp,https://basecamp.com/,Founder & CEO,https://uploads-ssl.webflow.com/5be066740487be149c23be72/604bfb122c8e12e5be2ba8ee_102464181-Jason-Fried.jpeg,,https://twitter.com/jasonfried,https://www.linkedin.com/in/37signals/,,
Don Norman,don-norman,5f762516f490f5eca3d63977,5f762516f490f5a075d63c15,Thu May 07 2020 11:52:03 GMT+0000 (Coordinated Universal Time),Fri Mar 12 2021 23:36:44 GMT+0000 (Coordinated Universal Time),Fri Mar 12 2021 23:36:44 GMT+0000 (Coordinated Universal Time),,book-author,,University of California,https://www.universityofcalifornia.edu/,Director of The Design Lab,https://uploads-ssl.webflow.com/5be066740487be149c23be72/604bfb0c333c59719caf964b_DonNorman2003-3.jpg.jpeg,,https://twitter.com/jnd1er,https://www.linkedin.com/in/donnorman/,,
Robert M. Martin,robert-m-martin,5f762516f490f5eca3d63977,5f762516f490f511a5d63c16,Thu May 07 2020 11:57:45 GMT+0000 (Coordinated Universal Time),Fri Mar 12 2021 23:36:38 GMT+0000 (Coordinated Universal Time),Fri Mar 12 2021 23:36:38 GMT+0000 (Coordinated Universal Time),,book-author,,x,,,https://uploads-ssl.webflow.com/5be066740487be149c23be72/604bfb06e9e95882f6b1d7b7_img-person-placeholder.jpeg,,,,,
Daniel Kahneman,daniel-kahneman,5f762516f490f5eca3d63977,5f762516f490f563f4d63c17,Thu May 07 2020 12:00:41 GMT+0000 (Coordinated Universal Time),Fri Mar 12 2021 23:36:33 GMT+0000 (Coordinated Universal Time),Fri Mar 12 2021 23:36:33 GMT+0000 (Coordinated Universal Time),,book-author,,Princeton University,https://www.princeton.edu/,Professor of Psychology,https://uploads-ssl.webflow.com/5be066740487be149c23be72/604bfb01333c595b1eaf8946_Aurum-Speakers-Bureau-Daniel-Kahneman.jpeg,,,,,
Ronny Kohavi,ronny-kohavi,5f762516f490f5eca3d63977,5f762516f490f52a0dd63c18,Thu May 07 2020 12:02:29 GMT+0000 (Coordinated Universal Time),Fri Mar 12 2021 23:36:28 GMT+0000 (Coordinated Universal Time),Fri Mar 12 2021 23:36:28 GMT+0000 (Coordinated Universal Time),,book-author,,AirBnB,https://twitter.com/ronnyk,Vice President and Technical Fellow,https://uploads-ssl.webflow.com/5be066740487be149c23be72/604bfafb033eb06bb45b7a59_Ronny_Kohavi_Microsoft.jpeg,,https://twitter.com/ronnyk,https://www.linkedin.com/in/ronnyk/,,
Georgi Georgiev ,georgi-zdravkov-georgiev,5f762516f490f5eca3d63977,5f762516f490f5884ed63c1a,Mon May 11 2020 11:00:08 GMT+0000 (Coordinated Universal Time),Fri Mar 12 2021 23:36:22 GMT+0000 (Coordinated Universal Time),Fri Mar 12 2021 23:36:22 GMT+0000 (Coordinated Universal Time),,book-author; podcast-guest,,Web Focus LLC,http://www.webfocus.bg/,Owner,https://uploads-ssl.webflow.com/5be066740487be149c23be72/604bfaf5d309241a08aee164_5eb930089385fd02c8f940f9_georgi-min.jpeg,,https://twitter.com/georgizgeorgiev,https://www.linkedin.com/in/geoprofi/,,
Jochen Grünbeck,jochen-grunbeck,5f762516f490f5eca3d63977,5f762516f490f550f3d63c1d,Mon May 11 2020 11:12:07 GMT+0000 (Coordinated Universal Time),Fri Mar 12 2021 23:36:17 GMT+0000 (Coordinated Universal Time),Fri Mar 12 2021 23:36:17 GMT+0000 (Coordinated Universal Time),,book-author,,Convertize,https://www.convertize.com/,,https://uploads-ssl.webflow.com/5be066740487be149c23be72/604bfaf1d3fe2a10d6188d16_2-b2tLoIKU7-T5UF8ygCeYSw.jpeg,,,,,
Philippe Aimé,philippe-aime,5f762516f490f5eca3d63977,5f762516f490f53029d63c1e,Mon May 11 2020 11:13:04 GMT+0000 (Coordinated Universal Time),Fri Mar 12 2021 23:36:11 GMT+0000 (Coordinated Universal Time),Fri Mar 12 2021 23:36:11 GMT+0000 (Coordinated Universal Time),,book-author,,Convertize,https://www.convertize.com/,,https://uploads-ssl.webflow.com/5be066740487be149c23be72/604bfaebdfcca5715b4fa7a6_2-U-6igpXbQOgGYghFKTXerA.jpeg,,,,,
Dan Siroker,dan-siroker,5f762516f490f5eca3d63977,5f762516f490f5a3e8d63c20,Mon May 11 2020 11:21:22 GMT+0000 (Coordinated Universal Time),Fri Mar 12 2021 23:36:05 GMT+0000 (Coordinated Universal Time),Fri Mar 12 2021 23:36:05 GMT+0000 (Coordinated Universal Time),,book-author,,Optimizely,https://www.optimizely.com,Co-Founder,https://uploads-ssl.webflow.com/5be066740487be149c23be72/604bfae54bb86170f923dea5_dansiroker.jpeg,,,,,
Pete Koomen,pete-koomen,5f762516f490f5eca3d63977,5f762516f490f52db4d63c21,Mon May 11 2020 11:22:36 GMT+0000 (Coordinated Universal Time),Fri Mar 12 2021 23:36:00 GMT+0000 (Coordinated Universal Time),Fri Mar 12 2021 23:36:00 GMT+0000 (Coordinated Universal Time),,book-author,,Optimizely,https://www.optimizely.com/,Co-Founder,https://uploads-ssl.webflow.com/5be066740487be149c23be72/604bfadfb49812a1771515dd_petekoomen.jpeg,,https://twitter.com/koomen,https://www.linkedin.com/in/petekoomen/,,
Chris Goward,chris-goward,5f762516f490f5eca3d63977,5f762516f490f5789bd63c24,Mon May 11 2020 11:30:04 GMT+0000 (Coordinated Universal Time),Fri Mar 12 2021 23:35:54 GMT+0000 (Coordinated Universal Time),Fri Mar 12 2021 23:35:54 GMT+0000 (Coordinated Universal Time),,book-author,,WiderFunnel,https://www.widerfunnel.com/,Founder,https://uploads-ssl.webflow.com/5be066740487be149c23be72/604bfadabbc4043a0248b637_-jNuh0EM_400x400.jpeg,,https://twitter.com/chrisgoward,,,
Morgan Legge,morgan-legge,5f762516f490f5eca3d63977,5f762516f490f53e1fd63c25,Mon May 11 2020 11:32:06 GMT+0000 (Coordinated Universal Time),Fri Mar 12 2021 23:35:49 GMT+0000 (Coordinated Universal Time),Fri Mar 12 2021 23:35:49 GMT+0000 (Coordinated Universal Time),true,podcast-guest,false,Convert,https://www.convert.com/,Director of Operations & Certified Partner Outreach,https://uploads-ssl.webflow.com/5be066740487be149c23be72/604bfad54d4664574cd82941_5eb937b21a56203479b949f2_63NSHNbN_400x400.jpeg,,https://twitter.com/morganleggeYUL,,false,
Andrea Corvi,andrea-corvi,5f762516f490f5eca3d63977,5f762516f490f5c38bd63c26,Mon May 11 2020 11:34:58 GMT+0000 (Coordinated Universal Time),Fri Mar 12 2021 23:35:45 GMT+0000 (Coordinated Universal Time),Fri Mar 12 2021 23:35:45 GMT+0000 (Coordinated Universal Time),,podcast-guest,,iTech Media,https://itech.media/,Experimentation Manager,https://uploads-ssl.webflow.com/5be066740487be149c23be72/604bfad08f838e6194560dd2_5eb938491617021be42ea9ed_andrea-min.jpeg,,,https://www.linkedin.com/in/andreacorvi/,false,experimentation-works; statistical-methods-in-online-a-b-testing
Colin McFarland,colin-mcfarland,5f762516f490f5eca3d63977,5f762516f490f53f43d63c27,Mon May 11 2020 11:38:21 GMT+0000 (Coordinated Universal Time),Fri Mar 12 2021 23:35:40 GMT+0000 (Coordinated Universal Time),Fri Mar 12 2021 23:35:40 GMT+0000 (Coordinated Universal Time),,book-author,,Netflix,https://www.netflix.com,"Director, Experimentation Platform",https://uploads-ssl.webflow.com/5be066740487be149c23be72/604bfacbab967a08eb04fbb6_colin.jpeg,,,https://www.linkedin.com/in/mcfrl/,,
Divakar Gupta,divakar-gupta,5f762516f490f5eca3d63977,5f762516f490f54443d63c2a,Mon May 11 2020 11:45:06 GMT+0000 (Coordinated Universal Time),Fri Mar 12 2021 23:35:33 GMT+0000 (Coordinated Universal Time),Fri Mar 12 2021 23:35:33 GMT+0000 (Coordinated Universal Time),,book-author,,Expedia Group,https://www.expediagroup.com/,Global Product Management,https://uploads-ssl.webflow.com/5be066740487be149c23be72/604bfac5acbd4d560162d9ed_divakar.jpeg,,,https://www.linkedin.com/in/divakargupta/,,
Sachin Gupta,sachin-gupta,5f762516f490f5eca3d63977,5f762516f490f53a95d63c2b,Mon May 11 2020 11:47:40 GMT+0000 (Coordinated Universal Time),Fri Mar 12 2021 23:35:28 GMT+0000 (Coordinated Universal Time),Fri Mar 12 2021 23:35:28 GMT+0000 (Coordinated Universal Time),,book-author,,Wingify,https://wingify.com/,Account Executive,https://uploads-ssl.webflow.com/5be066740487be149c23be72/604bfac0cb0ba10bb0bc294c_sachin.jpeg,,,https://www.linkedin.com/in/sachin-gupta-linkedin/,,
AJ Davis,aj-davis,5f762516f490f5eca3d63977,5f762516f490f50f28d63c32,Mon May 25 2020 15:33:30 GMT+0000 (Coordinated Universal Time),Fri Mar 12 2021 23:35:15 GMT+0000 (Coordinated Universal Time),Fri Mar 12 2021 23:35:15 GMT+0000 (Coordinated Universal Time),true,podcast-guest,,Experiment Zone,https://experimentzone.com,Founder,https://uploads-ssl.webflow.com/5be066740487be149c23be72/604bfab3033eb0b7d85afd0c_5ecbe5147557e7242168c452_ajdavis-min.jpeg,,,https://www.linkedin.com/in/ajdavisatx/,false,
Alexander Osterwalder,alexander-osterwalder,5f762516f490f5eca3d63977,5f762516f490f5da58d63c37,Tue May 26 2020 20:05:29 GMT+0000 (Coordinated Universal Time),Fri Mar 12 2021 23:35:00 GMT+0000 (Coordinated Universal Time),Fri Mar 12 2021 23:35:00 GMT+0000 (Coordinated Universal Time),,book-author,,Strategyzer,https://www.strategyzer.com/,Co-founder,https://uploads-ssl.webflow.com/5be066740487be149c23be72/604bfaa3b0713740ab1e31b6_alex-osterwalder.jpeg,http://alexosterwalder.com/,https://twitter.com/AlexOsterwalder,https://www.linkedin.com/in/osterwalder/,,
Tomer Sharon,tomer-sharon,5f762516f490f5eca3d63977,5f762516f490f58315d63c38,Fri May 29 2020 08:40:28 GMT+0000 (Coordinated Universal Time),Fri Mar 12 2021 23:34:54 GMT+0000 (Coordinated Universal Time),Fri Mar 12 2021 23:34:54 GMT+0000 (Coordinated Universal Time),,book-author,,Goldman Sachs,https://www.goldmansachs.com/,"Managing Director, Head of User Research & Metrics",https://uploads-ssl.webflow.com/5be066740487be149c23be72/604bfa9ebe4a5f948017a9b8_tomer-sharon.jpeg,,https://twitter.com/tsharon,https://www.linkedin.com/in/tomersharon/,,
Himanshu Sharma,himanshu-sharma,5f762516f490f5eca3d63977,5f762516f490f55dfbd63c3d,Fri May 29 2020 12:18:14 GMT+0000 (Coordinated Universal Time),Fri Mar 12 2021 23:34:48 GMT+0000 (Coordinated Universal Time),Fri Mar 12 2021 23:34:48 GMT+0000 (Coordinated Universal Time),,book-author,,Optimize Smart,https://www.optimizesmart.com/,Founder,https://uploads-ssl.webflow.com/5be066740487be149c23be72/604bfa97bb13e359e334bfa6_himanshu-in-the-office-768x823.jpeg,,https://twitter.com/analyticsnerd,https://www.linkedin.com/in/analyticsnerd,,
David Spiegelhalter,david-spiegelhalter,5f762516f490f5eca3d63977,5f762516f490f5a1bcd63c3f,Fri May 29 2020 13:22:31 GMT+0000 (Coordinated Universal Time),Fri Mar 12 2021 23:34:42 GMT+0000 (Coordinated Universal Time),Fri Mar 12 2021 23:34:42 GMT+0000 (Coordinated Universal Time),,book-author,,Winton Centre for Risk and Evidence Communication,,Chair,https://uploads-ssl.webflow.com/5be066740487be149c23be72/604bfa919d0a8a0173bc012d_David-Spiegelhalter-768x907.jpeg,,https://twitter.com/d_spiegel,,,
Michael Blastland,michael-blastland,5f762516f490f5eca3d63977,5f762516f490f5374dd63c40,Fri May 29 2020 13:24:47 GMT+0000 (Coordinated Universal Time),Fri Mar 12 2021 23:34:35 GMT+0000 (Coordinated Universal Time),Fri Mar 12 2021 23:34:35 GMT+0000 (Coordinated Universal Time),,book-author,,Winton Centre for Risk and Evidence Communication,,,https://uploads-ssl.webflow.com/5be066740487be149c23be72/604bfa8bb8af0963dc4df8aa_data53749512-8e1b43.jpeg,,,,,
Kim Scott,kim-scott,5f762516f490f5eca3d63977,5f762516f490f53ff3d63c43,Mon Jun 01 2020 14:04:40 GMT+0000 (Coordinated Universal Time),Fri Mar 12 2021 23:34:28 GMT+0000 (Coordinated Universal Time),Fri Mar 12 2021 23:34:28 GMT+0000 (Coordinated Universal Time),,book-author,,Radical Candor,https://www.radicalcandor.com/,Founder,https://uploads-ssl.webflow.com/5be066740487be149c23be72/604bfa84a2eb550d859457c3_Kim-Scott-1x1-(1).jpeg,https://kimmalonescott.com/,,https://www.linkedin.com/in/kimm4/,,
Jerry Colonna,jerry-colonna,5f762516f490f5eca3d63977,5f762516f490f5cdd1d63c46,Mon Jun 01 2020 14:11:40 GMT+0000 (Coordinated Universal Time),Fri Mar 12 2021 23:34:22 GMT+0000 (Coordinated Universal Time),Fri Mar 12 2021 23:34:22 GMT+0000 (Coordinated Universal Time),,book-author,,Reboot,https://www.reboot.io/,Founder,https://uploads-ssl.webflow.com/5be066740487be149c23be72/604bfa7eb0713736181e2786_jerry.jpeg,,,https://www.linkedin.com/in/jerry-colonna-reboot/,,
Lisette Sutherland,lisette-sutherland,5f762516f490f5eca3d63977,5f762516f490f5923ed63c48,Mon Jun 01 2020 14:17:42 GMT+0000 (Coordinated Universal Time),Fri Mar 12 2021 23:34:17 GMT+0000 (Coordinated Universal Time),Fri Mar 12 2021 23:34:17 GMT+0000 (Coordinated Universal Time),,book-author,, Collaboration Superpowers ,https://www.collaborationsuperpowers.com/,Director,https://uploads-ssl.webflow.com/5be066740487be149c23be72/604bfa79991ee1a6cf70f027_lisette.jpeg,https://lisettesutherland.com/,https://twitter.com/lightling,https://www.linkedin.com/in/lisettesutherland/,,
Khalid Saleh,khalid-saleh,5f762516f490f5eca3d63977,5f762516f490f58748d63c49,Tue Jun 02 2020 11:25:53 GMT+0000 (Coordinated Universal Time),Fri Mar 12 2021 23:34:13 GMT+0000 (Coordinated Universal Time),Fri Mar 12 2021 23:34:13 GMT+0000 (Coordinated Universal Time),,book-author; podcast-guest,,Invesp,https://www.invespcro.com/,CEO,https://uploads-ssl.webflow.com/5be066740487be149c23be72/604bfa74cd064136bb82e83d_5ed637306b3966ad67cb429c_khalid-min.jpeg,,https://twitter.com/khalidh,https://www.linkedin.com/in/khalidh/,false,
Hans Rosling,hans-rosling,5f762516f490f5eca3d63977,5f762516f490f5675ed63c4c,Tue Jun 02 2020 11:41:06 GMT+0000 (Coordinated Universal Time),Fri Mar 12 2021 23:34:08 GMT+0000 (Coordinated Universal Time),Fri Mar 12 2021 23:34:08 GMT+0000 (Coordinated Universal Time),,book-author,,Gapminder Foundation,https://www.gapminder.org/,Co-founder,https://uploads-ssl.webflow.com/5be066740487be149c23be72/604bfa6f033eb0330d5ac245_2bd4d0cfff0c3a3306650768c2f988e154db7042_254x191.jpeg,,,,,
James Clear,james-clear,5f762516f490f5eca3d63977,5f762516f490f5811cd63c4f,Wed Jun 03 2020 12:30:43 GMT+0000 (Coordinated Universal Time),Fri Mar 12 2021 23:34:03 GMT+0000 (Coordinated Universal Time),Fri Mar 12 2021 23:34:03 GMT+0000 (Coordinated Universal Time),,book-author,,Atomic Habits,,,https://uploads-ssl.webflow.com/5be066740487be149c23be72/604bfa6be7f34e1498c63ab6_jamesclear.jpeg,https://jamesclear.com/,https://twitter.com/jamesclear,,,
Chris Voss,chris-voss,5f762516f490f5eca3d63977,5f762516f490f5b0f1d63c51,Wed Jun 03 2020 12:35:47 GMT+0000 (Coordinated Universal Time),Fri Mar 12 2021 23:33:57 GMT+0000 (Coordinated Universal Time),Fri Mar 12 2021 23:33:57 GMT+0000 (Coordinated Universal Time),,book-author,,The Black Swan Group,,,https://uploads-ssl.webflow.com/5be066740487be149c23be72/604bfa654bb8614fcd23669e_Screen-Shot-2019-02-12-at-11.46.jpeg,,,https://www.linkedin.com/in/christophervoss/,,
Nir Eyal,nir-eyal,5f762516f490f5eca3d63977,5f762516f490f5121ed63c53,Wed Jun 03 2020 12:42:05 GMT+0000 (Coordinated Universal Time),Fri Mar 12 2021 23:33:52 GMT+0000 (Coordinated Universal Time),Fri Mar 12 2021 23:33:52 GMT+0000 (Coordinated Universal Time),,book-author,,NirandFar ,https://www.nirandfar.com/,,https://uploads-ssl.webflow.com/5be066740487be149c23be72/604bfa60b8af0951fd4dcb00_nir.jpeg,https://www.nirandfar.com/,https://twitter.com/nireyal,,,
Kevin Kelly,kevin-kelly,5f762516f490f5eca3d63977,5f762516f490f57eadd63c56,Wed Jun 03 2020 12:47:42 GMT+0000 (Coordinated Universal Time),Fri Mar 12 2021 23:33:47 GMT+0000 (Coordinated Universal Time),Fri Mar 12 2021 23:33:47 GMT+0000 (Coordinated Universal Time),,book-author,,Wired,https://www.wired.com/,Senior Maverick,https://uploads-ssl.webflow.com/5be066740487be149c23be72/604bfa5a5b7fcc501d37290f_kevin.jpeg,https://kk.org/,https://twitter.com/kevin2kelly,,,
BJ Fogg,bj-fogg,5f762516f490f5eca3d63977,5f762516f490f54040d63c59,Sun Jun 07 2020 18:32:45 GMT+0000 (Coordinated Universal Time),Fri Mar 12 2021 23:33:41 GMT+0000 (Coordinated Universal Time),Fri Mar 12 2021 23:33:41 GMT+0000 (Coordinated Universal Time),,book-author,,Stanford University,,Behavior Scientist,https://uploads-ssl.webflow.com/5be066740487be149c23be72/604bfa5433bbb63797940bca_bjfogg.jpeg,https://www.bjfogg.com/,https://twitter.com/bjfogg,,,
Jonah Berger,jonah-berger,5f762516f490f5eca3d63977,5f762516f490f577b4d63c5d,Sun Jun 07 2020 18:44:21 GMT+0000 (Coordinated Universal Time),Fri Mar 12 2021 23:33:35 GMT+0000 (Coordinated Universal Time),Fri Mar 12 2021 23:33:35 GMT+0000 (Coordinated Universal Time),,book-author,,Wharton ,,Professor,https://uploads-ssl.webflow.com/5be066740487be149c23be72/604bfa4f0f5a744623d421a4_20160817193601-Jonah-Berger.jpeg,https://jonahberger.com/,,https://www.linkedin.com/in/j1berger/,,
Joseph Grenny,joseph-grenny,5f762516f490f5eca3d63977,5f762516f490f5814ed63c61,Sun Jun 07 2020 19:27:49 GMT+0000 (Coordinated Universal Time),Fri Mar 12 2021 23:33:29 GMT+0000 (Coordinated Universal Time),Fri Mar 12 2021 23:33:29 GMT+0000 (Coordinated Universal Time),,book-author,,NYT Bestseller,,,https://uploads-ssl.webflow.com/5be066740487be149c23be72/604bfa48b49812209b147723_josephgrenny.jpeg,http://www.josephgrenny.com,,,,
Jake Knapp,jake-knapp,5f762516f490f5eca3d63977,5f762516f490f5301dd63c64,Mon Jun 15 2020 07:02:49 GMT+0000 (Coordinated Universal Time),Fri Mar 12 2021 23:33:23 GMT+0000 (Coordinated Universal Time),Fri Mar 12 2021 23:33:23 GMT+0000 (Coordinated Universal Time),,book-author,,SPRINT,,Owner,https://uploads-ssl.webflow.com/5be066740487be149c23be72/604bfa43b071372b9e1e0f22_jake.jpeg,https://jakeknapp.com/,https://twitter.com/jakek,,,
Austin Kleon,austin-kleon,5f762516f490f5eca3d63977,5f762516f490f53e27d63c67,Mon Jun 15 2020 07:08:06 GMT+0000 (Coordinated Universal Time),Fri Mar 12 2021 23:33:18 GMT+0000 (Coordinated Universal Time),Fri Mar 12 2021 23:33:18 GMT+0000 (Coordinated Universal Time),,book-author,,Austin Kleon,,Author,https://uploads-ssl.webflow.com/5be066740487be149c23be72/604bfa3e33bbb6494993e9ba_kleon-200px.jpeg,https://austinkleon.com/,https://twitter.com/austinkleon,,,
Luke Carthy,luke-carthy,5f762516f490f5eca3d63977,5f762516f490f5758ed63c68,Sun Jun 21 2020 17:13:30 GMT+0000 (Coordinated Universal Time),Fri Mar 12 2021 23:33:12 GMT+0000 (Coordinated Universal Time),Fri Mar 12 2021 23:33:12 GMT+0000 (Coordinated Universal Time),,podcast-guest,,Freelance,http://lukecarthy.com,eCommerce growth consultant,https://uploads-ssl.webflow.com/5be066740487be149c23be72/604bfa38e5a53466976cd4a5_5eef952fb22d831f2dcd6f97_luke-carthy-min.jpeg,,https://twitter.com/mrlukecarthy,http://linkedin.com/in/lukecarthy,,
Rick Pastoor,rick-pastoor,5f762516f490f5eca3d63977,5f762516f490f574d0d63c70,Sun Jul 12 2020 12:14:40 GMT+0000 (Coordinated Universal Time),Fri Mar 12 2021 23:33:02 GMT+0000 (Coordinated Universal Time),Fri Mar 12 2021 23:33:02 GMT+0000 (Coordinated Universal Time),,book-author,,GRIP,,Self-employed,https://uploads-ssl.webflow.com/5be066740487be149c23be72/604bfa2ecd064129f882bae6_rickpastoor.jpeg,https://rickpastoor.com/,https://twitter.com/rickpastoor,https://www.linkedin.com/in/rickpastoor/,,
Emily Robinson,emily-robinson,5f762516f490f5eca3d63977,5f762516f490f551a2d63c74,Mon Jul 20 2020 19:36:14 GMT+0000 (Coordinated Universal Time),Fri Mar 12 2021 23:32:57 GMT+0000 (Coordinated Universal Time),Fri Mar 12 2021 23:32:57 GMT+0000 (Coordinated Universal Time),true,podcast-guest; book-author,,Warby Parker,https://www.warbyparker.com/,Senior Data Scientist,https://uploads-ssl.webflow.com/5be066740487be149c23be72/604bfa292dd1423721b36b92_5f15f1dc3145647341f5c5c8_robinsones-min.jpeg,https://hookedondata.org/,https://twitter.com/robinson_es,https://www.linkedin.com/in/robinsones/,,
Tim Ash,tim-ash,5f762516f490f5eca3d63977,5f762516f490f55861d63c78,Mon Jul 20 2020 19:53:52 GMT+0000 (Coordinated Universal Time),Fri Mar 12 2021 23:32:53 GMT+0000 (Coordinated Universal Time),Fri Mar 12 2021 23:32:53 GMT+0000 (Coordinated Universal Time),,podcast-guest; book-author,,TimAsh.com,https://www.timash.com,"Keynote Speaker, Trainer & Advisor",https://uploads-ssl.webflow.com/5be066740487be149c23be72/604bfa243a5f086420ae4f4e_5f15f60e311f9dd7a6c2684a_TIM_ASH_2011_square_400x400.jpeg,,https://twitter.com/tim_ash,https://www.linkedin.com/in/timash,false,
Emily Oliver,emily-oliver,5f762516f490f5eca3d63977,5f762516f490f507d7d63c7b,Mon Jul 20 2020 20:10:36 GMT+0000 (Coordinated Universal Time),Fri Mar 12 2021 23:32:42 GMT+0000 (Coordinated Universal Time),Fri Mar 12 2021 23:32:42 GMT+0000 (Coordinated Universal Time),true,podcast-guest,,musicMagpie,https://www.musicmagpie.co.uk/,UX & Experimentation Manager,https://uploads-ssl.webflow.com/5be066740487be149c23be72/604bfa1933bbb677e693b382_5f68dbf9c524a59caf87a474_5f15fa32ecd0790f87ab97c7__6e9ab25850ec367d47ffb5075ebae9c7.jpeg,,,https://www.linkedin.com/in/emily-oliver-77b602134/,false,
Joel Klettke,joel-klettke,5f762516f490f5eca3d63977,5f762516f490f5498dd63c7c,Mon Jul 20 2020 20:13:39 GMT+0000 (Coordinated Universal Time),Fri Mar 12 2021 23:32:36 GMT+0000 (Coordinated Universal Time),Fri Mar 12 2021 23:32:36 GMT+0000 (Coordinated Universal Time),,podcast-guest,,Business Casual Copywriting,,Conversion Copywriter to B2B and SaaS,https://uploads-ssl.webflow.com/5be066740487be149c23be72/604bfa141a79dd1cc67de702_5f68dc05f8e27d6d194e347f_5f15faec23d83b8389ddbe43__98e9604651a215814e89c551ac9d4804.jpeg,,https://twitter.com/joelklettke,https://www.linkedin.com/in/joelklettke/,false,
Amrdeep Athwal,amrdeep-athwal,5f762516f490f5eca3d63977,5f762516f490f5a08ad63c7f,Mon Aug 03 2020 06:32:39 GMT+0000 (Coordinated Universal Time),Fri Mar 12 2021 23:32:31 GMT+0000 (Coordinated Universal Time),Fri Mar 12 2021 23:32:31 GMT+0000 (Coordinated Universal Time),,podcast-guest,,Conversions Matter LTD,http://www.conversionsmatter.com/,Senior Conversion optimisation specialist,https://uploads-ssl.webflow.com/5be066740487be149c23be72/604bfa0e9cdd166f4132683d_5f27af538ab458747f4f87d5_amrdeep-min.jpeg,,https://twitter.com/AmmO_Singh,https://www.linkedin.com/in/amrdeepathwal/,,
Elise Maile,elise-maile,5f762516f490f5eca3d63977,5f762516f490f54ad7d63c8f,Sun Sep 20 2020 07:16:00 GMT+0000 (Coordinated Universal Time),Fri Mar 12 2021 23:32:21 GMT+0000 (Coordinated Universal Time),Fri Mar 12 2021 23:32:21 GMT+0000 (Coordinated Universal Time),true,podcast-guest,,Swiftmonkey LTD,,Senior UX and CRO,https://uploads-ssl.webflow.com/5be066740487be149c23be72/604bfa05b49812d484143f0a_5ed8eaf672d32108a833f00e_elisemaile.jpeg,https://www.e-maile.co.uk/,https://twitter.com/e_maile,https://www.linkedin.com/in/elise-maile/,,
Lisanne Maatman,lisanne-maatman,5f762516f490f5eca3d63977,5f762516f490f52731d63c91,Mon Sep 21 2020 20:19:09 GMT+0000 (Coordinated Universal Time),Fri Mar 12 2021 23:32:16 GMT+0000 (Coordinated Universal Time),Fri Mar 12 2021 23:32:16 GMT+0000 (Coordinated Universal Time),true,podcast-guest,,Dept Agency,https://www.deptagency.com/,Team Lead Insights & sr. CRO specialist,https://uploads-ssl.webflow.com/5be066740487be149c23be72/604bf9ffe7f34e9d9ac5ddd5_lisanne1.jpeg,http://lisannemaatman.nl/,https://twitter.com/lisannemaatman,https://www.linkedin.com/in/lisannemaatman/?originalSubdomain=nl,false,
Dumky de Wilde,dumky-de-wilde,5f762516f490f5eca3d63977,5f762516f490f50162d63c92,Mon Sep 21 2020 20:21:55 GMT+0000 (Coordinated Universal Time),Fri Mar 12 2021 23:32:11 GMT+0000 (Coordinated Universal Time),Fri Mar 12 2021 23:32:11 GMT+0000 (Coordinated Universal Time),,podcast-guest,,Dept Agency,https://www.deptagency.com,Senior Technical Analyst,https://uploads-ssl.webflow.com/5be066740487be149c23be72/604bf9fbae9e4c19e6645235_dumky.jpeg,https://www.dumkydewilde.nl/,,https://www.linkedin.com/in/dumkydewilde/,false,
Brian Cugelman,brian-cugelman,5f762516f490f5eca3d63977,5f762516f490f5769ad63c95,Mon Sep 21 2020 20:41:34 GMT+0000 (Coordinated Universal Time),Fri Mar 12 2021 23:31:55 GMT+0000 (Coordinated Universal Time),Fri Mar 12 2021 23:31:55 GMT+0000 (Coordinated Universal Time),,podcast-guest,,AlterSpark,https://www.alterspark.com/,"Lecturer, Senior Behavioral Scientist",https://uploads-ssl.webflow.com/5be066740487be149c23be72/604bf9eb2c8e1218402a7b17_alterspark_brian-cugelman.jpeg,https://cugelman.com/,https://twitter.com/cugelman,https://www.linkedin.com/in/cugelman/,false,
Casandra Campbell,casandra-campbell,5f762516f490f5eca3d63977,5f762516f490f5761ed63c96,Mon Sep 21 2020 20:44:59 GMT+0000 (Coordinated Universal Time),Fri Mar 12 2021 23:31:50 GMT+0000 (Coordinated Universal Time),Fri Mar 12 2021 23:31:50 GMT+0000 (Coordinated Universal Time),true,podcast-guest,false,Shopify,https://www.shopify.com/,Testing and Experimentation Lead,https://uploads-ssl.webflow.com/5be066740487be149c23be72/604bf9e69d0a8a330abb9304_cassandracampbell.jpeg,http://casandracampbell.com/,https://twitter.com/Casandra_Camp,https://www.linkedin.com/in/casandracampbell/,false,
Jonny Longden,jonny-longden,5f762516f490f5eca3d63977,5f762516f490f54023d63c98,Mon Sep 21 2020 21:02:52 GMT+0000 (Coordinated Universal Time),Fri Mar 12 2021 23:31:38 GMT+0000 (Coordinated Universal Time),Fri Mar 12 2021 23:31:38 GMT+0000 (Coordinated Universal Time),,podcast-guest,,Journey Further ,https://www.journeyfurther.com/,Co-Founder & Conversion Director,https://uploads-ssl.webflow.com/5be066740487be149c23be72/604bf9da3a5f08ce69ae26f8_johnny.jpeg,https://medium.com/@jonathan.longden,https://twitter.com/jonnylongden,https://www.linkedin.com/in/jonnylongden/,false,
Dave Powell,dave-powell,5f762516f490f5eca3d63977,5f762516f490f55ee0d63c9c,Thu Sep 24 2020 15:09:51 GMT+0000 (Coordinated Universal Time),Fri Mar 12 2021 23:31:22 GMT+0000 (Coordinated Universal Time),Fri Mar 12 2021 23:31:22 GMT+0000 (Coordinated Universal Time),,podcast-guest,,TomTom,https://www.tomtom.com,E-commerce Conversion Manager,https://uploads-ssl.webflow.com/5be066740487be149c23be72/604bf9cabe4a5ff22216d921_index.jpeg,,,https://www.linkedin.com/in/magicslipper/,false,
Craig Sullivan,craig-sullivan,5f762516f490f5eca3d63977,5f762516f490f5cd0dd63cb2,Tue Sep 29 2020 09:01:27 GMT+0000 (Coordinated Universal Time),Fri Mar 12 2021 23:31:16 GMT+0000 (Coordinated Universal Time),Fri Mar 12 2021 23:31:16 GMT+0000 (Coordinated Universal Time),,podcast-guest,true,Optimal Visit,,Optimiser in Chief,https://uploads-ssl.webflow.com/5be066740487be149c23be72/604bf9c333bbb6011c935275_craig.jpeg,,https://twitter.com/OptimiseOrDie,https://www.linkedin.com/in/craigsullivan/,,
Fabian Kersten,fabian-kersten,5f762516f490f5eca3d63977,5f762516f490f5721dd63cb7,Thu Oct 01 2020 15:58:50 GMT+0000 (Coordinated Universal Time),Fri Mar 12 2021 23:31:07 GMT+0000 (Coordinated Universal Time),Fri Mar 12 2021 23:31:07 GMT+0000 (Coordinated Universal Time),,podcast-guest,,Leaseplan,https://www.leaseplan.com/,"Director Digital Marketing, Sales & Service",https://uploads-ssl.webflow.com/5be066740487be149c23be72/604bf9bb06f6360ef92f4785_fabian.jpeg,,,https://www.linkedin.com/in/fabiankersten/,,
Bas van Dijk,bas-van-dijk,5f762516f490f5eca3d63977,5f762516f490f52d7ad63cb8,Thu Oct 01 2020 15:59:26 GMT+0000 (Coordinated Universal Time),Fri Mar 12 2021 23:31:02 GMT+0000 (Coordinated Universal Time),Fri Mar 12 2021 23:31:02 GMT+0000 (Coordinated Universal Time),,podcast-guest,,Bol.com,https://www.bol.com,Customer Journey Excellence Specialist,https://uploads-ssl.webflow.com/5be066740487be149c23be72/604bf9b6991ee1e7ad702f8a_bas.jpeg,,,https://www.linkedin.com/in/basvandijk2/,,
Sumantha Shankaranarayana,sumantha-shankaranarayana,5f762516f490f5eca3d63977,5f856184a048923b0f8ecd28,Tue Oct 13 2020 08:12:52 GMT+0000 (Coordinated Universal Time),Fri Mar 12 2021 23:30:58 GMT+0000 (Coordinated Universal Time),Fri Mar 12 2021 23:30:58 GMT+0000 (Coordinated Universal Time),,podcast-guest,,Kaspersky,https://www.kaspersky.com/,Senior Conversion Rate Optimization Manager,https://uploads-ssl.webflow.com/5be066740487be149c23be72/604bf9b11d3fb48275a02804_sumantha.jpeg,,https://twitter.com/sunsumantha,https://www.linkedin.com/in/sumantha-s/,false,
Eltine van der Veer,eltine-van-der-veer,5f762516f490f5eca3d63977,5f884d93b4fc0b42ddac337d,Thu Oct 15 2020 13:24:35 GMT+0000 (Coordinated Universal Time),Fri Mar 12 2021 23:30:43 GMT+0000 (Coordinated Universal Time),Fri Mar 12 2021 23:30:43 GMT+0000 (Coordinated Universal Time),true,podcast-guest,,Braingineers,https://braingineers.com/,Head of Experience & Insights,https://uploads-ssl.webflow.com/5be066740487be149c23be72/604bf9a38bea5533fa9270e4_eltine.jpeg,https://www.eltine.com/,https://twitter.com/eltinevdveer,https://www.linkedin.com/in/eltinevanderveer/,false,
Derek Gleason,derek-gleason,5f762516f490f5eca3d63977,5f884edae9513c44acd5405f,Thu Oct 15 2020 13:30:02 GMT+0000 (Coordinated Universal Time),Fri Mar 12 2021 23:30:33 GMT+0000 (Coordinated Universal Time),Fri Mar 12 2021 23:30:33 GMT+0000 (Coordinated Universal Time),,podcast-guest,,CXL,https://cxl.com/,Content Lead,https://uploads-ssl.webflow.com/5be066740487be149c23be72/604bf99995f30475b41e774d_derek.jpeg,,https://twitter.com/derek_gleason,https://www.linkedin.com/in/derek-m-gleason/,false,
Chad Sanderson,chad-sanderson,5f762516f490f5eca3d63977,5f95e3411d40a22a988bb44c,Sun Oct 25 2020 20:42:41 GMT+0000 (Coordinated Universal Time),Fri Mar 12 2021 23:30:29 GMT+0000 (Coordinated Universal Time),Fri Mar 12 2021 23:30:29 GMT+0000 (Coordinated Universal Time),,podcast-guest,,Convoy,https://convoy.com/,"Head of Product, Data Platform",https://uploads-ssl.webflow.com/5be066740487be149c23be72/604bf995991ee140727017d3_chads.jpeg,,https://twitter.com/chadjsanderson,https://www.linkedin.com/in/chad-sanderson-experimentation/,false,
Merritt Aho,merritt-aho,5f762516f490f5eca3d63977,5fa298c54e6c7985bc5af7f6,Wed Nov 04 2020 12:04:21 GMT+0000 (Coordinated Universal Time),Fri Mar 12 2021 23:30:24 GMT+0000 (Coordinated Universal Time),Fri Mar 12 2021 23:30:24 GMT+0000 (Coordinated Universal Time),,podcast-guest,,Search Discovery,https://www.searchdiscovery.com/,Optimization Director,https://uploads-ssl.webflow.com/5be066740487be149c23be72/604bf98f3571926aa269e128_merrit.jpeg,,https://twitter.com/alphanumerritt,https://www.linkedin.com/in/merrittaho/,false,
Byron Sharp,byron-sharp,5f762516f490f5eca3d63977,5fb1ab8a4186207baeaf4811,Sun Nov 15 2020 22:28:26 GMT+0000 (Coordinated Universal Time),Fri Mar 12 2021 23:30:13 GMT+0000 (Coordinated Universal Time),Fri Mar 12 2021 23:30:13 GMT+0000 (Coordinated Universal Time),,book-author,,University of South Australia,,Professor of Marketing Science & Director,https://uploads-ssl.webflow.com/5be066740487be149c23be72/604bf985b36c35d73d550877_byron-sharp.jpeg,,https://twitter.com/ProfByron,,,
Youngme Moon,youngme-moon,5f762516f490f5eca3d63977,5fb1ac4eda134d30dc720710,Sun Nov 15 2020 22:31:42 GMT+0000 (Coordinated Universal Time),Fri Mar 12 2021 23:30:08 GMT+0000 (Coordinated Universal Time),Fri Mar 12 2021 23:30:08 GMT+0000 (Coordinated Universal Time),,book-author,,Harvard Business School,,Professor,https://uploads-ssl.webflow.com/5be066740487be149c23be72/604bf97feca8664d27544188_youngme-moon.jpeg,,https://twitter.com/youngmemoon,,,
Jack Trout,jack-trout,5f762516f490f5eca3d63977,5fb1ad6cc94757f521b56fad,Sun Nov 15 2020 22:36:28 GMT+0000 (Coordinated Universal Time),Fri Mar 12 2021 23:30:02 GMT+0000 (Coordinated Universal Time),Fri Mar 12 2021 23:30:02 GMT+0000 (Coordinated Universal Time),,book-author,,Trout & Partners,,Owner,https://uploads-ssl.webflow.com/5be066740487be149c23be72/604bf97a9df94212781cb159_jack-trout.jpeg,,,,,
